"id","maxl","vbk","area","agem","temp","spcat"
1,NA,NA,NA,NA,NA,37
2,NA,NA,NA,NA,NA,33
3,NA,NA,NA,NA,NA,36
4,NA,NA,NA,NA,NA,36
5,NA,NA,NA,NA,NA,36
6,NA,NA,NA,NA,NA,36
7,NA,NA,NA,NA,NA,36
8,NA,NA,NA,NA,NA,36
9,NA,NA,NA,NA,NA,36
10,NA,NA,NA,NA,NA,36
11,NA,NA,NA,NA,NA,36
12,NA,NA,NA,NA,NA,36
13,NA,NA,NA,NA,NA,33
14,NA,NA,NA,NA,NA,33
15,NA,NA,NA,NA,NA,33
16,NA,NA,NA,NA,NA,33
17,NA,NA,NA,NA,NA,33
18,NA,NA,NA,NA,NA,45
19,NA,NA,NA,NA,NA,45
20,NA,NA,NA,NA,NA,21
21,NA,NA,NA,NA,NA,21
22,NA,NA,NA,NA,NA,21
23,NA,NA,NA,NA,NA,33
24,NA,NA,NA,NA,NA,33
25,NA,NA,NA,NA,NA,33
26,NA,NA,NA,NA,NA,37
27,NA,NA,NA,NA,NA,37
28,NA,NA,NA,NA,NA,34
29,NA,NA,NA,NA,NA,34
30,NA,NA,NA,NA,NA,38
31,NA,NA,NA,NA,NA,38
32,NA,NA,NA,NA,NA,38
33,NA,NA,NA,NA,NA,38
34,NA,NA,NA,NA,NA,38
35,NA,NA,NA,NA,NA,38
36,NA,NA,NA,NA,NA,38
37,NA,NA,NA,NA,NA,38
38,NA,NA,NA,NA,NA,38
39,NA,NA,NA,NA,NA,38
40,NA,NA,NA,NA,NA,24
41,NA,NA,NA,NA,NA,24
42,NA,NA,NA,NA,NA,24
43,NA,NA,NA,NA,NA,24
44,NA,NA,NA,NA,NA,24
45,NA,NA,NA,NA,NA,24
46,NA,NA,NA,NA,NA,24
47,NA,NA,NA,NA,NA,24
48,NA,NA,NA,NA,NA,24
49,NA,NA,NA,NA,NA,24
50,NA,NA,NA,NA,NA,38
51,NA,NA,NA,NA,NA,33
52,NA,NA,NA,NA,NA,56
53,NA,NA,NA,NA,NA,56
54,NA,NA,NA,NA,NA,56
55,NA,NA,NA,NA,NA,56
56,NA,NA,NA,NA,NA,34
57,NA,NA,NA,NA,NA,34
58,NA,NA,NA,NA,NA,34
59,NA,NA,NA,NA,NA,34
60,NA,NA,NA,NA,NA,35
61,NA,NA,NA,NA,NA,22
62,NA,NA,NA,NA,NA,22
63,NA,NA,NA,NA,NA,22
64,NA,NA,NA,NA,NA,22
65,NA,NA,NA,NA,NA,24
66,NA,NA,NA,NA,NA,24
67,NA,NA,NA,NA,NA,34
68,NA,NA,NA,NA,NA,34
69,NA,NA,NA,NA,NA,34
70,NA,NA,NA,NA,NA,32
71,NA,NA,NA,NA,NA,32
72,NA,NA,NA,NA,NA,32
73,NA,NA,NA,NA,NA,32
74,NA,NA,NA,NA,NA,34
75,NA,NA,NA,NA,NA,34
76,NA,NA,NA,NA,NA,33
77,NA,NA,NA,NA,NA,76
78,NA,NA,NA,NA,NA,33
79,NA,NA,NA,NA,NA,33
80,NA,NA,NA,NA,NA,56
81,NA,NA,NA,NA,NA,56
82,NA,NA,NA,NA,NA,34
83,NA,NA,NA,NA,NA,55
84,NA,NA,NA,NA,NA,55
85,NA,NA,NA,NA,NA,55
86,NA,NA,NA,NA,NA,55
87,NA,NA,NA,NA,NA,55
88,NA,NA,NA,NA,NA,33
89,NA,NA,NA,NA,NA,33
90,NA,NA,NA,NA,NA,33
91,NA,NA,NA,NA,NA,33
92,NA,NA,NA,NA,NA,33
93,NA,NA,NA,NA,NA,33
94,NA,NA,NA,NA,NA,33
95,NA,NA,NA,NA,NA,33
96,NA,NA,NA,NA,NA,33
97,NA,NA,NA,NA,NA,33
98,NA,NA,NA,NA,NA,33
99,NA,NA,NA,NA,NA,45
100,NA,NA,NA,NA,NA,45
101,NA,NA,NA,NA,NA,45
102,NA,NA,NA,NA,NA,45
103,NA,NA,NA,NA,NA,33
104,NA,NA,NA,NA,NA,45
105,NA,NA,NA,NA,NA,47
106,NA,NA,NA,NA,NA,47
107,NA,NA,NA,NA,NA,76
108,NA,NA,NA,NA,NA,31
109,NA,NA,NA,NA,NA,31
110,NA,NA,NA,NA,NA,37
111,NA,NA,NA,NA,NA,33
112,NA,NA,NA,NA,NA,33
113,NA,NA,NA,NA,NA,33
114,NA,NA,NA,NA,NA,33
115,NA,NA,NA,NA,NA,37
116,NA,NA,NA,NA,NA,54
117,NA,NA,NA,NA,NA,54
118,NA,NA,NA,NA,NA,31
119,NA,NA,NA,NA,NA,31
120,NA,NA,NA,NA,NA,36
121,NA,NA,NA,NA,NA,33
122,NA,NA,NA,NA,NA,33
123,NA,NA,NA,NA,NA,33
124,NA,NA,NA,NA,NA,34
125,NA,NA,NA,NA,NA,34
126,NA,NA,NA,NA,NA,33
127,NA,NA,NA,NA,NA,33
128,NA,NA,NA,NA,NA,33
129,NA,NA,NA,NA,NA,33
130,NA,NA,NA,NA,NA,32
131,NA,NA,NA,NA,NA,32
132,NA,NA,NA,NA,NA,32
133,NA,NA,NA,NA,NA,31
134,NA,NA,NA,NA,NA,33
135,NA,NA,NA,NA,NA,33
136,NA,NA,NA,NA,NA,37
137,NA,NA,NA,NA,NA,37
138,NA,NA,NA,NA,NA,37
139,NA,NA,NA,NA,NA,37
140,NA,NA,NA,NA,NA,37
141,NA,NA,NA,NA,NA,37
142,NA,NA,NA,NA,NA,32
143,NA,NA,NA,NA,NA,32
144,NA,NA,NA,NA,NA,35
145,NA,NA,NA,NA,NA,35
146,NA,NA,NA,NA,NA,35
147,NA,NA,NA,NA,NA,35
148,NA,NA,NA,NA,NA,35
149,NA,NA,NA,NA,NA,32
150,NA,NA,NA,NA,NA,32
151,NA,NA,NA,NA,NA,34
152,NA,NA,NA,NA,NA,52
153,NA,NA,NA,NA,NA,42
154,NA,NA,NA,NA,NA,42
155,NA,NA,NA,NA,NA,42
156,NA,NA,NA,NA,NA,56
157,NA,NA,NA,NA,NA,38
158,NA,NA,NA,NA,NA,38
159,NA,NA,NA,NA,NA,38
160,NA,NA,NA,NA,NA,38
161,NA,NA,NA,NA,NA,38
162,NA,NA,NA,NA,NA,37
163,NA,NA,NA,NA,NA,42
164,NA,NA,NA,NA,NA,42
165,NA,NA,NA,NA,NA,42
166,NA,NA,NA,NA,NA,42
167,NA,NA,NA,NA,NA,42
168,NA,NA,NA,NA,NA,42
169,NA,NA,NA,NA,NA,42
170,NA,NA,NA,NA,NA,42
171,NA,NA,NA,NA,NA,34
172,NA,NA,NA,NA,NA,37
173,NA,NA,NA,NA,NA,37
174,NA,NA,NA,NA,NA,37
175,NA,NA,NA,NA,NA,37
176,NA,NA,NA,NA,NA,37
177,NA,NA,NA,NA,NA,37
178,NA,NA,NA,NA,NA,37
179,NA,NA,NA,NA,NA,37
180,NA,NA,NA,NA,NA,37
181,NA,NA,NA,NA,NA,37
182,NA,NA,NA,NA,NA,37
183,NA,NA,NA,NA,NA,37
184,NA,NA,NA,NA,NA,37
185,NA,NA,NA,NA,NA,37
186,NA,NA,NA,NA,NA,37
187,NA,NA,NA,NA,NA,38
188,NA,NA,NA,NA,NA,38
189,NA,NA,NA,NA,NA,38
190,NA,NA,NA,NA,NA,38
191,NA,NA,NA,NA,NA,38
192,NA,NA,NA,NA,NA,38
193,NA,NA,NA,NA,NA,38
194,NA,NA,NA,NA,NA,38
195,NA,NA,NA,NA,NA,38
196,NA,NA,NA,NA,NA,38
197,NA,NA,NA,NA,NA,38
198,NA,NA,NA,NA,NA,38
199,NA,NA,NA,NA,NA,42
200,NA,NA,NA,NA,NA,42
201,NA,NA,NA,NA,NA,42
202,NA,NA,NA,NA,NA,56
203,NA,NA,NA,NA,NA,56
204,NA,NA,NA,NA,NA,56
205,NA,NA,NA,NA,NA,72
206,NA,NA,NA,NA,NA,34
207,NA,NA,NA,NA,NA,34
208,NA,NA,NA,NA,NA,34
209,NA,NA,NA,NA,NA,34
210,NA,NA,NA,NA,NA,38
211,NA,NA,NA,NA,NA,38
212,NA,NA,NA,NA,NA,38
213,NA,NA,NA,NA,NA,38
214,NA,NA,NA,NA,NA,33
215,NA,NA,NA,NA,NA,33
216,NA,NA,NA,NA,NA,33
217,NA,NA,NA,NA,NA,38
218,NA,NA,NA,NA,NA,38
219,NA,NA,NA,NA,NA,38
220,NA,NA,NA,NA,NA,33
221,NA,NA,NA,NA,NA,33
222,NA,NA,NA,NA,NA,33
223,NA,NA,NA,NA,NA,33
224,NA,NA,NA,NA,NA,33
225,NA,NA,NA,NA,NA,38
226,NA,NA,NA,NA,NA,34
227,NA,NA,NA,NA,NA,44
228,NA,NA,NA,NA,NA,44
229,NA,NA,NA,NA,NA,35
230,NA,NA,NA,NA,NA,35
231,NA,NA,NA,NA,NA,35
232,NA,NA,NA,NA,NA,38
233,NA,NA,NA,NA,NA,38
234,NA,NA,NA,NA,NA,38
235,NA,NA,NA,NA,NA,42
236,NA,NA,NA,NA,NA,42
237,NA,NA,NA,NA,NA,42
238,NA,NA,NA,NA,NA,42
239,NA,NA,NA,NA,NA,34
240,NA,NA,NA,NA,NA,34
241,NA,NA,NA,NA,NA,34
242,NA,NA,NA,NA,NA,34
243,NA,NA,NA,NA,NA,34
244,NA,NA,NA,NA,NA,37
245,NA,NA,NA,NA,NA,33
246,NA,NA,NA,NA,NA,33
247,NA,NA,NA,NA,NA,34
248,NA,NA,NA,NA,NA,34
249,NA,NA,NA,NA,NA,34
250,NA,NA,NA,NA,NA,34
251,NA,NA,NA,NA,NA,34
252,NA,NA,NA,NA,NA,34
253,NA,NA,NA,NA,NA,34
254,NA,NA,NA,NA,NA,34
255,NA,NA,NA,NA,NA,34
256,NA,NA,NA,NA,NA,34
257,NA,NA,NA,NA,NA,34
258,NA,NA,NA,NA,NA,72
259,NA,NA,NA,NA,NA,72
260,NA,NA,NA,NA,NA,38
261,NA,NA,NA,NA,NA,56
262,NA,NA,NA,NA,NA,42
263,NA,NA,NA,NA,NA,42
264,NA,NA,NA,NA,NA,35
265,NA,NA,NA,NA,NA,35
266,NA,NA,NA,NA,NA,35
267,NA,NA,NA,NA,NA,35
268,NA,NA,NA,NA,NA,35
269,NA,NA,NA,NA,NA,55
270,NA,NA,NA,NA,NA,55
271,NA,NA,NA,NA,NA,55
272,NA,NA,NA,NA,NA,37
273,NA,NA,NA,NA,NA,37
274,NA,NA,NA,NA,NA,37
275,NA,NA,NA,NA,NA,37
276,NA,NA,NA,NA,NA,54
277,NA,NA,NA,NA,NA,33
278,NA,NA,NA,NA,NA,33
279,NA,NA,NA,NA,NA,33
280,NA,NA,NA,NA,NA,56
281,NA,NA,NA,NA,NA,24
282,NA,NA,NA,NA,NA,35
283,NA,NA,NA,NA,NA,35
284,NA,NA,NA,NA,NA,35
285,NA,NA,NA,NA,NA,35
286,NA,NA,NA,NA,NA,35
287,NA,NA,NA,NA,NA,24
288,NA,NA,NA,NA,NA,37
289,NA,NA,NA,NA,NA,52
290,NA,NA,NA,NA,NA,34
291,NA,NA,NA,NA,NA,34
292,NA,NA,NA,NA,NA,34
293,NA,NA,NA,NA,NA,34
294,NA,NA,NA,NA,NA,34
295,NA,NA,NA,NA,NA,34
296,NA,NA,NA,NA,NA,33
297,NA,NA,NA,NA,NA,51
298,NA,NA,NA,NA,NA,23
299,NA,NA,NA,NA,NA,23
300,NA,NA,NA,NA,NA,37
301,NA,NA,NA,NA,NA,37
302,NA,NA,NA,NA,NA,37
303,NA,NA,NA,NA,NA,37
304,NA,NA,NA,NA,NA,37
305,NA,NA,NA,NA,NA,37
306,NA,NA,NA,NA,NA,37
307,NA,NA,NA,NA,NA,37
308,NA,NA,NA,NA,NA,37
309,NA,NA,NA,NA,NA,37
310,NA,NA,NA,NA,NA,37
311,NA,NA,NA,NA,NA,37
312,NA,NA,NA,NA,NA,37
313,NA,NA,NA,NA,NA,37
314,NA,NA,NA,NA,NA,32
315,NA,NA,NA,NA,NA,32
316,NA,NA,NA,NA,NA,45
317,NA,NA,NA,NA,NA,45
318,NA,NA,NA,NA,NA,53
319,NA,NA,NA,NA,NA,53
320,NA,NA,NA,NA,NA,53
321,NA,NA,NA,NA,NA,53
322,NA,NA,NA,NA,NA,53
323,NA,NA,NA,NA,NA,53
324,NA,NA,NA,NA,NA,53
325,NA,NA,NA,NA,NA,53
326,NA,NA,NA,NA,NA,53
327,NA,NA,NA,NA,NA,53
328,NA,NA,NA,NA,NA,34
329,NA,NA,NA,NA,NA,34
330,NA,NA,NA,NA,NA,34
331,NA,NA,NA,NA,NA,33
332,NA,NA,NA,NA,NA,33
333,NA,NA,NA,NA,NA,33
334,NA,NA,NA,NA,NA,33
335,NA,NA,NA,NA,NA,33
336,NA,NA,NA,NA,NA,33
337,NA,NA,NA,NA,NA,34
338,NA,NA,NA,NA,NA,38
339,NA,NA,NA,NA,NA,38
340,NA,NA,NA,NA,NA,38
341,NA,NA,NA,NA,NA,38
342,NA,NA,NA,NA,NA,37
343,NA,NA,NA,NA,NA,37
344,NA,NA,NA,NA,NA,37
345,NA,NA,NA,NA,NA,37
346,NA,NA,NA,NA,NA,37
347,NA,NA,NA,NA,NA,33
348,NA,NA,NA,NA,NA,33
349,NA,NA,NA,NA,NA,33
350,NA,NA,NA,NA,NA,33
351,NA,NA,NA,NA,NA,33
352,NA,NA,NA,NA,NA,33
353,NA,NA,NA,NA,NA,33
354,NA,NA,NA,NA,NA,33
355,NA,NA,NA,NA,NA,33
356,NA,NA,NA,NA,NA,33
357,NA,NA,NA,NA,NA,33
358,NA,NA,NA,NA,NA,33
359,NA,NA,NA,NA,NA,33
360,NA,NA,NA,NA,NA,33
361,NA,NA,NA,NA,NA,33
362,NA,NA,NA,NA,NA,33
363,NA,NA,NA,NA,NA,31
364,NA,NA,NA,NA,NA,31
365,NA,NA,NA,NA,NA,31
366,NA,NA,NA,NA,NA,33
367,NA,NA,NA,NA,NA,33
368,NA,NA,NA,NA,NA,33
369,NA,NA,NA,NA,NA,33
370,NA,NA,NA,NA,NA,33
371,NA,NA,NA,NA,NA,33
372,NA,NA,NA,NA,NA,33
373,NA,NA,NA,NA,NA,33
374,NA,NA,NA,NA,NA,33
375,NA,NA,NA,NA,NA,38
376,NA,NA,NA,NA,NA,38
377,NA,NA,NA,NA,NA,38
378,NA,NA,NA,NA,NA,38
379,NA,NA,NA,NA,NA,34
380,NA,NA,NA,NA,NA,34
381,NA,NA,NA,NA,NA,34
382,NA,NA,NA,NA,NA,34
383,NA,NA,NA,NA,NA,34
384,NA,NA,NA,NA,NA,34
385,NA,NA,NA,NA,NA,34
386,NA,NA,NA,NA,NA,34
387,NA,NA,NA,NA,NA,57
388,NA,NA,NA,NA,NA,57
389,NA,NA,NA,NA,NA,33
390,NA,NA,NA,NA,NA,33
391,NA,NA,NA,NA,NA,33
392,NA,NA,NA,NA,NA,33
393,NA,NA,NA,NA,NA,35
394,NA,NA,NA,NA,NA,35
395,NA,NA,NA,NA,NA,35
396,NA,NA,NA,NA,NA,76
397,NA,NA,NA,NA,NA,37
398,NA,NA,NA,NA,NA,37
399,NA,NA,NA,NA,NA,37
400,NA,NA,NA,NA,NA,37
401,NA,NA,NA,NA,NA,57
402,NA,NA,NA,NA,NA,33
403,NA,NA,NA,NA,NA,33
404,NA,NA,NA,NA,NA,32
405,NA,NA,NA,NA,NA,32
406,NA,NA,NA,NA,NA,33
407,NA,NA,NA,NA,NA,33
408,NA,NA,NA,NA,NA,33
409,NA,NA,NA,NA,NA,33
410,NA,NA,NA,NA,NA,33
411,NA,NA,NA,NA,NA,34
412,NA,NA,NA,NA,NA,34
413,NA,NA,NA,NA,NA,35
414,NA,NA,NA,NA,NA,35
415,NA,NA,NA,NA,NA,35
416,NA,NA,NA,NA,NA,35
417,NA,NA,NA,NA,NA,35
418,NA,NA,NA,NA,NA,35
419,NA,NA,NA,NA,NA,35
420,NA,NA,NA,NA,NA,35
421,NA,NA,NA,NA,NA,35
422,NA,NA,NA,NA,NA,56
423,NA,NA,NA,NA,NA,31
424,NA,NA,NA,NA,NA,31
425,NA,NA,NA,NA,NA,34
426,NA,NA,NA,NA,NA,34
427,NA,NA,NA,NA,NA,33
428,NA,NA,NA,NA,NA,33
429,NA,NA,NA,NA,NA,33
430,NA,NA,NA,NA,NA,33
431,NA,NA,NA,NA,NA,33
432,NA,NA,NA,NA,NA,33
433,NA,NA,NA,NA,NA,33
434,NA,NA,NA,NA,NA,33
435,NA,NA,NA,NA,NA,33
436,NA,NA,NA,NA,NA,33
437,NA,NA,NA,NA,NA,33
438,NA,NA,NA,NA,NA,33
439,NA,NA,NA,NA,NA,33
440,NA,NA,NA,NA,NA,33
441,NA,NA,NA,NA,NA,33
442,NA,NA,NA,NA,NA,33
443,NA,NA,NA,NA,NA,33
444,NA,NA,NA,NA,NA,33
445,NA,NA,NA,NA,NA,33
446,NA,NA,NA,NA,NA,33
447,NA,NA,NA,NA,NA,33
448,NA,NA,NA,NA,NA,33
449,NA,NA,NA,NA,NA,33
450,NA,NA,NA,NA,NA,33
451,NA,NA,NA,NA,NA,42
452,NA,NA,NA,NA,NA,33
453,NA,NA,NA,NA,NA,35
454,NA,NA,NA,NA,NA,35
455,NA,NA,NA,NA,NA,35
456,NA,NA,NA,NA,NA,35
457,NA,NA,NA,NA,NA,35
458,NA,NA,NA,NA,NA,35
459,NA,NA,NA,NA,NA,46
460,NA,NA,NA,NA,NA,46
461,NA,NA,NA,NA,NA,46
462,NA,NA,NA,NA,NA,36
463,NA,NA,NA,NA,NA,36
464,NA,NA,NA,NA,NA,36
465,NA,NA,NA,NA,NA,36
466,NA,NA,NA,NA,NA,36
467,NA,NA,NA,NA,NA,36
468,NA,NA,NA,NA,NA,36
469,NA,NA,NA,NA,NA,36
470,NA,NA,NA,NA,NA,36
471,NA,NA,NA,NA,NA,36
472,NA,NA,NA,NA,NA,36
473,NA,NA,NA,NA,NA,36
474,NA,NA,NA,NA,NA,36
475,NA,NA,NA,NA,NA,36
476,NA,NA,NA,NA,NA,32
477,NA,NA,NA,NA,NA,32
478,NA,NA,NA,NA,NA,32
479,NA,NA,NA,NA,NA,32
480,NA,NA,NA,NA,NA,32
481,NA,NA,NA,NA,NA,33
482,NA,NA,NA,NA,NA,38
483,NA,NA,NA,NA,NA,38
484,NA,NA,NA,NA,NA,38
485,NA,NA,NA,NA,NA,38
486,NA,NA,NA,NA,NA,38
487,NA,NA,NA,NA,NA,38
488,NA,NA,NA,NA,NA,38
489,NA,NA,NA,NA,NA,38
490,NA,NA,NA,NA,NA,36
491,NA,NA,NA,NA,NA,36
492,NA,NA,NA,NA,NA,33
493,NA,NA,NA,NA,NA,34
494,NA,NA,NA,NA,NA,34
495,NA,NA,NA,NA,NA,34
496,NA,NA,NA,NA,NA,34
497,NA,NA,NA,NA,NA,34
498,NA,NA,NA,NA,NA,34
499,NA,NA,NA,NA,NA,34
500,NA,NA,NA,NA,NA,33
501,NA,NA,NA,NA,NA,33
502,NA,NA,NA,NA,NA,44
503,NA,NA,NA,NA,NA,44
504,NA,NA,NA,NA,NA,38
505,NA,NA,NA,NA,NA,33
506,NA,NA,NA,NA,NA,56
507,NA,NA,NA,NA,NA,31
508,NA,NA,NA,NA,NA,31
509,NA,NA,NA,NA,NA,31
510,NA,NA,NA,NA,NA,31
511,NA,NA,NA,NA,NA,37
512,NA,NA,NA,NA,NA,33
513,NA,NA,NA,NA,NA,33
514,NA,NA,NA,NA,NA,33
515,NA,NA,NA,NA,NA,36
516,NA,NA,NA,NA,NA,38
517,NA,NA,NA,NA,NA,52
518,NA,NA,NA,NA,NA,52
519,NA,NA,NA,NA,NA,52
520,NA,NA,NA,NA,NA,52
521,NA,NA,NA,NA,NA,52
522,NA,NA,NA,NA,NA,52
523,NA,NA,NA,NA,NA,45
524,NA,NA,NA,NA,NA,45
525,NA,NA,NA,NA,NA,35
526,NA,NA,NA,NA,NA,35
527,NA,NA,NA,NA,NA,33
528,NA,NA,NA,NA,NA,33
529,NA,NA,NA,NA,NA,33
530,NA,NA,NA,NA,NA,34
531,NA,NA,NA,NA,NA,34
532,NA,NA,NA,NA,NA,34
533,NA,NA,NA,NA,NA,34
534,NA,NA,NA,NA,NA,37
535,NA,NA,NA,NA,NA,37
536,NA,NA,NA,NA,NA,35
537,NA,NA,NA,NA,NA,38
538,NA,NA,NA,NA,NA,38
539,NA,NA,NA,NA,NA,31
540,NA,NA,NA,NA,NA,31
541,NA,NA,NA,NA,NA,31
542,NA,NA,NA,NA,NA,31
543,NA,NA,NA,NA,NA,31
544,NA,NA,NA,NA,NA,31
545,NA,NA,NA,NA,NA,31
546,NA,NA,NA,NA,NA,31
547,NA,NA,NA,NA,NA,31
548,NA,NA,NA,NA,NA,33
549,NA,NA,NA,NA,NA,33
550,NA,NA,NA,NA,NA,43
551,NA,NA,NA,NA,NA,43
552,NA,NA,NA,NA,NA,43
553,NA,NA,NA,NA,NA,43
554,NA,NA,NA,NA,NA,34
555,NA,NA,NA,NA,NA,34
556,NA,NA,NA,NA,NA,34
557,NA,NA,NA,NA,NA,34
558,NA,NA,NA,NA,NA,34
559,NA,NA,NA,NA,NA,38
560,NA,NA,NA,NA,NA,34
561,NA,NA,NA,NA,NA,34
562,NA,NA,NA,NA,NA,23
563,NA,NA,NA,NA,NA,33
564,NA,NA,NA,NA,NA,37
565,NA,NA,NA,NA,NA,37
566,NA,NA,NA,NA,NA,37
567,NA,NA,NA,NA,NA,43
568,NA,NA,NA,NA,NA,24
569,NA,NA,NA,NA,NA,24
570,NA,NA,NA,NA,NA,57
571,NA,NA,NA,NA,NA,57
572,NA,NA,NA,NA,NA,57
573,NA,NA,NA,NA,NA,57
574,NA,NA,NA,NA,NA,57
575,NA,NA,NA,NA,NA,57
576,NA,NA,NA,NA,NA,33
577,NA,NA,NA,NA,NA,36
578,NA,NA,NA,NA,NA,36
579,NA,NA,NA,NA,NA,36
580,NA,NA,NA,NA,NA,36
581,NA,NA,NA,NA,NA,36
582,NA,NA,NA,NA,NA,36
583,NA,NA,NA,NA,NA,36
584,NA,NA,NA,NA,NA,36
585,NA,NA,NA,NA,NA,36
586,NA,NA,NA,NA,NA,36
587,NA,NA,NA,NA,NA,36
588,NA,NA,NA,NA,NA,36
589,NA,NA,NA,NA,NA,36
590,NA,NA,NA,NA,NA,38
591,NA,NA,NA,NA,NA,38
592,NA,NA,NA,NA,NA,38
593,NA,NA,NA,NA,NA,38
594,NA,NA,NA,NA,NA,38
595,NA,NA,NA,NA,NA,38
596,NA,NA,NA,NA,NA,38
597,NA,NA,NA,NA,NA,38
598,NA,NA,NA,NA,NA,38
599,NA,NA,NA,NA,NA,38
600,NA,NA,NA,NA,NA,38
601,NA,NA,NA,NA,NA,38
602,NA,NA,NA,NA,NA,38
603,NA,NA,NA,NA,NA,43
604,NA,NA,NA,NA,NA,43
605,NA,NA,NA,NA,NA,43
606,NA,NA,NA,NA,NA,43
607,NA,NA,NA,NA,NA,43
608,NA,NA,NA,NA,NA,43
609,NA,NA,NA,NA,NA,43
610,NA,NA,NA,NA,NA,33
611,NA,NA,NA,NA,NA,33
612,NA,NA,NA,NA,NA,34
613,NA,NA,NA,NA,NA,36
614,NA,NA,NA,NA,NA,36
615,NA,NA,NA,NA,NA,36
616,NA,NA,NA,NA,NA,36
617,NA,NA,NA,NA,NA,36
618,NA,NA,NA,NA,NA,36
619,NA,NA,NA,NA,NA,36
620,NA,NA,NA,NA,NA,36
621,NA,NA,NA,NA,NA,36
622,NA,NA,NA,NA,NA,36
623,NA,NA,NA,NA,NA,36
624,NA,NA,NA,NA,NA,36
625,NA,NA,NA,NA,NA,36
626,NA,NA,NA,NA,NA,36
627,NA,NA,NA,NA,NA,36
628,NA,NA,NA,NA,NA,24
629,NA,NA,NA,NA,NA,33
630,NA,NA,NA,NA,NA,37
631,NA,NA,NA,NA,NA,37
632,NA,NA,NA,NA,NA,37
633,NA,NA,NA,NA,NA,38
634,NA,NA,NA,NA,NA,38
635,NA,NA,NA,NA,NA,38
636,NA,NA,NA,NA,NA,38
637,NA,NA,NA,NA,NA,38
638,NA,NA,NA,NA,NA,38
639,NA,NA,NA,NA,NA,38
640,NA,NA,NA,NA,NA,34
641,NA,NA,NA,NA,NA,37
642,NA,NA,NA,NA,NA,37
643,NA,NA,NA,NA,NA,33
644,NA,NA,NA,NA,NA,33
645,NA,NA,NA,NA,NA,33
646,NA,NA,NA,NA,NA,33
647,NA,NA,NA,NA,NA,33
648,NA,NA,NA,NA,NA,34
649,NA,NA,NA,NA,NA,34
650,NA,NA,NA,NA,NA,34
651,NA,NA,NA,NA,NA,34
652,NA,NA,NA,NA,NA,34
653,NA,NA,NA,NA,NA,33
654,NA,NA,NA,NA,NA,33
655,NA,NA,NA,NA,NA,33
656,NA,NA,NA,NA,NA,33
657,NA,NA,NA,NA,NA,31
658,NA,NA,NA,NA,NA,31
659,NA,NA,NA,NA,NA,31
660,NA,NA,NA,NA,NA,34
661,NA,NA,NA,NA,NA,34
662,NA,NA,NA,NA,NA,34
663,NA,NA,NA,NA,NA,34
664,NA,NA,NA,NA,NA,34
665,NA,NA,NA,NA,NA,31
666,NA,NA,NA,NA,NA,31
667,NA,NA,NA,NA,NA,31
668,NA,NA,NA,NA,NA,31
669,NA,NA,NA,NA,NA,32
670,NA,NA,NA,NA,NA,33
671,NA,NA,NA,NA,NA,33
672,NA,NA,NA,NA,NA,33
673,NA,NA,NA,NA,NA,33
674,NA,NA,NA,NA,NA,33
675,NA,NA,NA,NA,NA,33
676,NA,NA,NA,NA,NA,33
677,NA,NA,NA,NA,NA,33
678,NA,NA,NA,NA,NA,33
679,NA,NA,NA,NA,NA,38
680,NA,NA,NA,NA,NA,38
681,NA,NA,NA,NA,NA,38
682,NA,NA,NA,NA,NA,37
683,NA,NA,NA,NA,NA,37
684,NA,NA,NA,NA,NA,37
685,NA,NA,NA,NA,NA,37
686,NA,NA,NA,NA,NA,31
687,NA,NA,NA,NA,NA,31
688,NA,NA,NA,NA,NA,31
689,NA,NA,NA,NA,NA,31
690,NA,NA,NA,NA,NA,75
691,NA,NA,NA,NA,NA,75
692,NA,NA,NA,NA,NA,44
693,NA,NA,NA,NA,NA,44
694,NA,NA,NA,NA,NA,44
695,NA,NA,NA,NA,NA,33
696,NA,NA,NA,NA,NA,33
697,NA,NA,NA,NA,NA,33
698,NA,NA,NA,NA,NA,33
699,NA,NA,NA,NA,NA,33
700,NA,NA,NA,NA,NA,52
701,NA,NA,NA,NA,NA,52
702,NA,NA,NA,NA,NA,33
703,NA,NA,NA,NA,NA,33
704,NA,NA,NA,NA,NA,57
705,NA,NA,NA,NA,NA,57
706,NA,NA,NA,NA,NA,57
707,NA,NA,NA,NA,NA,57
708,NA,NA,NA,NA,NA,57
709,NA,NA,NA,NA,NA,57
710,NA,NA,NA,NA,NA,57
711,NA,NA,NA,NA,NA,57
712,NA,NA,NA,NA,NA,34
713,NA,NA,NA,NA,NA,34
714,NA,NA,NA,NA,NA,34
715,NA,NA,NA,NA,NA,34
716,NA,NA,NA,NA,NA,34
717,NA,NA,NA,NA,NA,34
718,NA,NA,NA,NA,NA,34
719,NA,NA,NA,NA,NA,34
720,NA,NA,NA,NA,NA,76
721,NA,NA,NA,NA,NA,33
722,NA,NA,NA,NA,NA,33
723,NA,NA,NA,NA,NA,33
724,NA,NA,NA,NA,NA,33
725,NA,NA,NA,NA,NA,33
726,NA,NA,NA,NA,NA,33
727,NA,NA,NA,NA,NA,33
728,NA,NA,NA,NA,NA,33
729,NA,NA,NA,NA,NA,33
730,NA,NA,NA,NA,NA,33
731,NA,NA,NA,NA,NA,33
732,NA,NA,NA,NA,NA,33
733,NA,NA,NA,NA,NA,33
734,NA,NA,NA,NA,NA,33
735,NA,NA,NA,NA,NA,33
736,NA,NA,NA,NA,NA,33
737,NA,NA,NA,NA,NA,33
738,NA,NA,NA,NA,NA,33
739,NA,NA,NA,NA,NA,33
740,NA,NA,NA,NA,NA,33
741,NA,NA,NA,NA,NA,34
742,NA,NA,NA,NA,NA,34
743,NA,NA,NA,NA,NA,32
744,NA,NA,NA,NA,NA,32
745,NA,NA,NA,NA,NA,32
746,NA,NA,NA,NA,NA,32
747,NA,NA,NA,NA,NA,32
748,NA,NA,NA,NA,NA,32
749,NA,NA,NA,NA,NA,32
750,NA,NA,NA,NA,NA,32
751,NA,NA,NA,NA,NA,56
752,NA,NA,NA,NA,NA,42
753,NA,NA,NA,NA,NA,42
754,NA,NA,NA,NA,NA,36
755,NA,NA,NA,NA,NA,36
756,NA,NA,NA,NA,NA,36
757,NA,NA,NA,NA,NA,36
758,NA,NA,NA,NA,NA,36
759,NA,NA,NA,NA,NA,36
760,NA,NA,NA,NA,NA,36
761,NA,NA,NA,NA,NA,36
762,NA,NA,NA,NA,NA,36
763,NA,NA,NA,NA,NA,36
764,NA,NA,NA,NA,NA,36
765,NA,NA,NA,NA,NA,36
766,NA,NA,NA,NA,NA,36
767,NA,NA,NA,NA,NA,36
768,NA,NA,NA,NA,NA,36
769,NA,NA,NA,NA,NA,36
770,NA,NA,NA,NA,NA,36
771,NA,NA,NA,NA,NA,36
772,NA,NA,NA,NA,NA,36
773,NA,NA,NA,NA,NA,36
774,NA,NA,NA,NA,NA,36
775,NA,NA,NA,NA,NA,36
776,NA,NA,NA,NA,NA,37
777,NA,NA,NA,NA,NA,37
778,NA,NA,NA,NA,NA,37
779,NA,NA,NA,NA,NA,57
780,NA,NA,NA,NA,NA,47
781,NA,NA,NA,NA,NA,37
782,NA,NA,NA,NA,NA,37
783,NA,NA,NA,NA,NA,37
784,NA,NA,NA,NA,NA,37
785,NA,NA,NA,NA,NA,33
786,NA,NA,NA,NA,NA,33
787,NA,NA,NA,NA,NA,33
788,NA,NA,NA,NA,NA,33
789,NA,NA,NA,NA,NA,32
790,NA,NA,NA,NA,NA,32
791,NA,NA,NA,NA,NA,33
792,NA,NA,NA,NA,NA,33
793,NA,NA,NA,NA,NA,37
794,NA,NA,NA,NA,NA,42
795,NA,NA,NA,NA,NA,42
796,NA,NA,NA,NA,NA,33
797,NA,NA,NA,NA,NA,33
798,NA,NA,NA,NA,NA,56
799,NA,NA,NA,NA,NA,56
800,NA,NA,NA,NA,NA,56
801,NA,NA,NA,NA,NA,32
802,NA,NA,NA,NA,NA,32
803,NA,NA,NA,NA,NA,32
804,NA,NA,NA,NA,NA,32
805,NA,NA,NA,NA,NA,32
806,NA,NA,NA,NA,NA,32
807,NA,NA,NA,NA,NA,32
808,NA,NA,NA,NA,NA,32
809,NA,NA,NA,NA,NA,32
810,NA,NA,NA,NA,NA,32
811,NA,NA,NA,NA,NA,32
812,NA,NA,NA,NA,NA,32
813,NA,NA,NA,NA,NA,32
814,NA,NA,NA,NA,NA,32
815,NA,NA,NA,NA,NA,32
816,NA,NA,NA,NA,NA,32
817,NA,NA,NA,NA,NA,32
818,NA,NA,NA,NA,NA,32
819,NA,NA,NA,NA,NA,32
820,NA,NA,NA,NA,NA,32
821,NA,NA,NA,NA,NA,56
822,NA,NA,NA,NA,NA,43
823,NA,NA,NA,NA,NA,43
824,NA,NA,NA,NA,NA,45
825,NA,NA,NA,NA,NA,45
826,NA,NA,NA,NA,NA,45
827,NA,NA,NA,NA,NA,45
828,NA,NA,NA,NA,NA,45
829,NA,NA,NA,NA,NA,33
830,NA,NA,NA,NA,NA,31
831,NA,NA,NA,NA,NA,74
832,NA,NA,NA,NA,NA,32
833,NA,NA,NA,NA,NA,32
834,NA,NA,NA,NA,NA,32
835,NA,NA,NA,NA,NA,32
836,NA,NA,NA,NA,NA,32
837,NA,NA,NA,NA,NA,32
838,NA,NA,NA,NA,NA,32
839,NA,NA,NA,NA,NA,33
840,NA,NA,NA,NA,NA,33
841,NA,NA,NA,NA,NA,33
842,NA,NA,NA,NA,NA,33
843,NA,NA,NA,NA,NA,33
844,NA,NA,NA,NA,NA,31
845,NA,NA,NA,NA,NA,31
846,NA,NA,NA,NA,NA,31
847,NA,NA,NA,NA,NA,42
848,NA,NA,NA,NA,NA,32
849,NA,NA,NA,NA,NA,32
850,NA,NA,NA,NA,NA,33
851,NA,NA,NA,NA,NA,33
852,NA,NA,NA,NA,NA,33
853,NA,NA,NA,NA,NA,32
854,NA,NA,NA,NA,NA,32
855,NA,NA,NA,NA,NA,25
856,NA,NA,NA,NA,NA,25
857,NA,NA,NA,NA,NA,25
858,NA,NA,NA,NA,NA,33
859,NA,NA,NA,NA,NA,33
860,NA,NA,NA,NA,NA,33
861,NA,NA,NA,NA,NA,33
862,NA,NA,NA,NA,NA,33
863,NA,NA,NA,NA,NA,33
864,NA,NA,NA,NA,NA,33
865,NA,NA,NA,NA,NA,33
866,NA,NA,NA,NA,NA,33
867,NA,NA,NA,NA,NA,33
868,NA,NA,NA,NA,NA,33
869,NA,NA,NA,NA,NA,33
870,NA,NA,NA,NA,NA,33
871,NA,NA,NA,NA,NA,34
872,NA,NA,NA,NA,NA,34
873,NA,NA,NA,NA,NA,34
874,NA,NA,NA,NA,NA,38
875,NA,NA,NA,NA,NA,38
876,NA,NA,NA,NA,NA,38
877,NA,NA,NA,NA,NA,38
878,NA,NA,NA,NA,NA,38
879,NA,NA,NA,NA,NA,38
880,NA,NA,NA,NA,NA,56
881,NA,NA,NA,NA,NA,56
882,NA,NA,NA,NA,NA,33
883,NA,NA,NA,NA,NA,33
884,NA,NA,NA,NA,NA,33
885,NA,NA,NA,NA,NA,33
886,NA,NA,NA,NA,NA,38
887,NA,NA,NA,NA,NA,54
888,NA,NA,NA,NA,NA,54
889,NA,NA,NA,NA,NA,54
890,NA,NA,NA,NA,NA,54
891,NA,NA,NA,NA,NA,54
892,NA,NA,NA,NA,NA,54
893,NA,NA,NA,NA,NA,54
894,NA,NA,NA,NA,NA,54
895,NA,NA,NA,NA,NA,54
896,NA,NA,NA,NA,NA,54
897,NA,NA,NA,NA,NA,54
898,NA,NA,NA,NA,NA,33
899,NA,NA,NA,NA,NA,42
900,NA,NA,NA,NA,NA,34
901,NA,NA,NA,NA,NA,34
902,NA,NA,NA,NA,NA,45
903,NA,NA,NA,NA,NA,33
904,NA,NA,NA,NA,NA,33
905,NA,NA,NA,NA,NA,34
906,NA,NA,NA,NA,NA,43
907,NA,NA,NA,NA,NA,43
908,NA,NA,NA,NA,NA,43
909,NA,NA,NA,NA,NA,33
910,NA,NA,NA,NA,NA,33
911,NA,NA,NA,NA,NA,38
912,NA,NA,NA,NA,NA,33
913,NA,NA,NA,NA,NA,33
914,NA,NA,NA,NA,NA,57
915,NA,NA,NA,NA,NA,33
916,NA,NA,NA,NA,NA,57
917,NA,NA,NA,NA,NA,57
918,NA,NA,NA,NA,NA,57
919,NA,NA,NA,NA,NA,57
920,NA,NA,NA,NA,NA,33
921,NA,NA,NA,NA,NA,33
922,NA,NA,NA,NA,NA,37
923,NA,NA,NA,NA,NA,57
924,NA,NA,NA,NA,NA,57
925,NA,NA,NA,NA,NA,23
926,NA,NA,NA,NA,NA,23
927,NA,NA,NA,NA,NA,23
928,NA,NA,NA,NA,NA,23
929,NA,NA,NA,NA,NA,23
930,NA,NA,NA,NA,NA,23
931,NA,NA,NA,NA,NA,23
932,NA,NA,NA,NA,NA,23
933,NA,NA,NA,NA,NA,23
934,NA,NA,NA,NA,NA,23
935,NA,NA,NA,NA,NA,23
936,NA,NA,NA,NA,NA,23
937,NA,NA,NA,NA,NA,23
938,NA,NA,NA,NA,NA,23
939,NA,NA,NA,NA,NA,23
940,NA,NA,NA,NA,NA,23
941,NA,NA,NA,NA,NA,33
942,NA,NA,NA,NA,NA,33
943,NA,NA,NA,NA,NA,35
944,NA,NA,NA,NA,NA,35
945,NA,NA,NA,NA,NA,35
946,NA,NA,NA,NA,NA,35
947,NA,NA,NA,NA,NA,36
948,NA,NA,NA,NA,NA,36
949,NA,NA,NA,NA,NA,33
950,NA,NA,NA,NA,NA,23
951,NA,NA,NA,NA,NA,23
952,NA,NA,NA,NA,NA,23
953,NA,NA,NA,NA,NA,53
954,NA,NA,NA,NA,NA,53
955,NA,NA,NA,NA,NA,53
956,NA,NA,NA,NA,NA,53
957,NA,NA,NA,NA,NA,53
958,NA,NA,NA,NA,NA,33
959,NA,NA,NA,NA,NA,38
960,NA,NA,NA,NA,NA,33
961,NA,NA,NA,NA,NA,33
962,NA,NA,NA,NA,NA,33
963,NA,NA,NA,NA,NA,33
964,NA,NA,NA,NA,NA,33
965,NA,NA,NA,NA,NA,33
966,NA,NA,NA,NA,NA,33
967,NA,NA,NA,NA,NA,33
968,NA,NA,NA,NA,NA,33
969,NA,NA,NA,NA,NA,33
970,NA,NA,NA,NA,NA,33
971,NA,NA,NA,NA,NA,33
972,NA,NA,NA,NA,NA,33
973,NA,NA,NA,NA,NA,33
974,NA,NA,NA,NA,NA,33
975,NA,NA,NA,NA,NA,33
976,NA,NA,NA,NA,NA,33
977,NA,NA,NA,NA,NA,33
978,NA,NA,NA,NA,NA,33
979,NA,NA,NA,NA,NA,33
980,NA,NA,NA,NA,NA,45
981,NA,NA,NA,NA,NA,45
982,NA,NA,NA,NA,NA,45
983,NA,NA,NA,NA,NA,43
984,NA,NA,NA,NA,NA,43
985,NA,NA,NA,NA,NA,43
986,NA,NA,NA,NA,NA,43
987,NA,NA,NA,NA,NA,43
988,NA,NA,NA,NA,NA,43
989,NA,NA,NA,NA,NA,37
990,NA,NA,NA,NA,NA,37
991,NA,NA,NA,NA,NA,37
992,NA,NA,NA,NA,NA,37
993,NA,NA,NA,NA,NA,45
994,NA,NA,NA,NA,NA,45
995,NA,NA,NA,NA,NA,45
996,NA,NA,NA,NA,NA,45
997,NA,NA,NA,NA,NA,45
998,NA,NA,NA,NA,NA,45
999,NA,NA,NA,NA,NA,45
1000,NA,NA,NA,NA,NA,45
1001,NA,NA,NA,NA,NA,45
1002,NA,NA,NA,NA,NA,13
1003,NA,NA,NA,NA,NA,56
1004,NA,NA,NA,NA,NA,43
1005,NA,NA,NA,NA,NA,43
1006,NA,NA,NA,NA,NA,43
1007,NA,NA,NA,NA,NA,43
1008,NA,NA,NA,NA,NA,43
1009,NA,NA,NA,NA,NA,43
1010,NA,NA,NA,NA,NA,43
1011,NA,NA,NA,NA,NA,56
1012,NA,NA,NA,NA,NA,56
1013,NA,NA,NA,NA,NA,76
1014,NA,NA,NA,NA,NA,76
1015,NA,NA,NA,NA,NA,33
1016,NA,NA,NA,NA,NA,31
1017,NA,NA,NA,NA,NA,31
1018,NA,NA,NA,NA,NA,31
1019,NA,NA,NA,NA,NA,31
1020,NA,NA,NA,NA,NA,31
1021,NA,NA,NA,NA,NA,31
1022,NA,NA,NA,NA,NA,44
1023,NA,NA,NA,NA,NA,44
1024,NA,NA,NA,NA,NA,44
1025,NA,NA,NA,NA,NA,44
1026,NA,NA,NA,NA,NA,44
1027,NA,NA,NA,NA,NA,44
1028,NA,NA,NA,NA,NA,44
1029,NA,NA,NA,NA,NA,33
1030,NA,NA,NA,NA,NA,45
1031,NA,NA,NA,NA,NA,45
1032,NA,NA,NA,NA,NA,45
1033,NA,NA,NA,NA,NA,45
1034,NA,NA,NA,NA,NA,45
1035,NA,NA,NA,NA,NA,33
1036,NA,NA,NA,NA,NA,37
1037,NA,NA,NA,NA,NA,37
1038,NA,NA,NA,NA,NA,37
1039,NA,NA,NA,NA,NA,37
1040,NA,NA,NA,NA,NA,34
1041,NA,NA,NA,NA,NA,37
1042,NA,NA,NA,NA,NA,31
1043,NA,NA,NA,NA,NA,31
1044,NA,NA,NA,NA,NA,34
1045,NA,NA,NA,NA,NA,34
1046,NA,NA,NA,NA,NA,55
1047,NA,NA,NA,NA,NA,55
1048,NA,NA,NA,NA,NA,55
1049,NA,NA,NA,NA,NA,55
1050,NA,NA,NA,NA,NA,55
1051,NA,NA,NA,NA,NA,55
1052,NA,NA,NA,NA,NA,31
1053,NA,NA,NA,NA,NA,24
1054,NA,NA,NA,NA,NA,24
1055,NA,NA,NA,NA,NA,45
1056,NA,NA,NA,NA,NA,45
1057,NA,NA,NA,NA,NA,45
1058,NA,NA,NA,NA,NA,45
1059,NA,NA,NA,NA,NA,45
1060,NA,NA,NA,NA,NA,45
1061,NA,NA,NA,NA,NA,45
1062,NA,NA,NA,NA,NA,45
1063,NA,NA,NA,NA,NA,45
1064,NA,NA,NA,NA,NA,45
1065,NA,NA,NA,NA,NA,45
1066,NA,NA,NA,NA,NA,45
1067,NA,NA,NA,NA,NA,45
1068,NA,NA,NA,NA,NA,45
1069,NA,NA,NA,NA,NA,45
1070,NA,NA,NA,NA,NA,45
1071,NA,NA,NA,NA,NA,45
1072,NA,NA,NA,NA,NA,45
1073,NA,NA,NA,NA,NA,45
1074,NA,NA,NA,NA,NA,45
1075,NA,NA,NA,NA,NA,45
1076,NA,NA,NA,NA,NA,45
1077,NA,NA,NA,NA,NA,45
1078,NA,NA,NA,NA,NA,45
1079,NA,NA,NA,NA,NA,45
1080,NA,NA,NA,NA,NA,45
1081,NA,NA,NA,NA,NA,45
1082,NA,NA,NA,NA,NA,45
1083,NA,NA,NA,NA,NA,45
1084,NA,NA,NA,NA,NA,45
1085,NA,NA,NA,NA,NA,45
1086,NA,NA,NA,NA,NA,45
1087,NA,NA,NA,NA,NA,45
1088,NA,NA,NA,NA,NA,45
1089,NA,NA,NA,NA,NA,33
1090,NA,NA,NA,NA,NA,33
1091,NA,NA,NA,NA,NA,37
1092,NA,NA,NA,NA,NA,37
1093,NA,NA,NA,NA,NA,37
1094,NA,NA,NA,NA,NA,37
1095,NA,NA,NA,NA,NA,37
1096,NA,NA,NA,NA,NA,37
1097,NA,NA,NA,NA,NA,33
1098,NA,NA,NA,NA,NA,54
1099,NA,NA,NA,NA,NA,25
1100,NA,NA,NA,NA,NA,33
1101,NA,NA,NA,NA,NA,32
1102,NA,NA,NA,NA,NA,32
1103,NA,NA,NA,NA,NA,32
1104,NA,NA,NA,NA,NA,32
1105,NA,NA,NA,NA,NA,55
1106,NA,NA,NA,NA,NA,55
1107,NA,NA,NA,NA,NA,34
1108,NA,NA,NA,NA,NA,31
1109,NA,NA,NA,NA,NA,31
1110,NA,NA,NA,NA,NA,31
1111,NA,NA,NA,NA,NA,33
1112,NA,NA,NA,NA,NA,33
1113,NA,NA,NA,NA,NA,33
1114,NA,NA,NA,NA,NA,33
1115,NA,NA,NA,NA,NA,33
1116,NA,NA,NA,NA,NA,33
1117,NA,NA,NA,NA,NA,33
1118,NA,NA,NA,NA,NA,33
1119,NA,NA,NA,NA,NA,33
1120,NA,NA,NA,NA,NA,33
1121,NA,NA,NA,NA,NA,45
1122,NA,NA,NA,NA,NA,45
1123,NA,NA,NA,NA,NA,45
1124,NA,NA,NA,NA,NA,45
1125,NA,NA,NA,NA,NA,45
1126,NA,NA,NA,NA,NA,33
1127,NA,NA,NA,NA,NA,33
1128,NA,NA,NA,NA,NA,33
1129,NA,NA,NA,NA,NA,44
1130,NA,NA,NA,NA,NA,31
1131,NA,NA,NA,NA,NA,31
1132,NA,NA,NA,NA,NA,31
1133,NA,NA,NA,NA,NA,33
1134,NA,NA,NA,NA,NA,33
1135,NA,NA,NA,NA,NA,33
1136,NA,NA,NA,NA,NA,33
1137,NA,NA,NA,NA,NA,32
1138,NA,NA,NA,NA,NA,32
1139,NA,NA,NA,NA,NA,32
1140,NA,NA,NA,NA,NA,47
1141,NA,NA,NA,NA,NA,33
1142,NA,NA,NA,NA,NA,34
1143,NA,NA,NA,NA,NA,34
1144,NA,NA,NA,NA,NA,34
1145,NA,NA,NA,NA,NA,34
1146,NA,NA,NA,NA,NA,34
1147,NA,NA,NA,NA,NA,34
1148,NA,NA,NA,NA,NA,34
1149,NA,NA,NA,NA,NA,34
1150,NA,NA,NA,NA,NA,33
1151,NA,NA,NA,NA,NA,33
1152,NA,NA,NA,NA,NA,33
1153,NA,NA,NA,NA,NA,33
1154,NA,NA,NA,NA,NA,33
1155,NA,NA,NA,NA,NA,33
1156,NA,NA,NA,NA,NA,33
1157,NA,NA,NA,NA,NA,37
1158,NA,NA,NA,NA,NA,37
1159,NA,NA,NA,NA,NA,37
1160,NA,NA,NA,NA,NA,37
1161,NA,NA,NA,NA,NA,37
1162,NA,NA,NA,NA,NA,37
1163,NA,NA,NA,NA,NA,37
1164,NA,NA,NA,NA,NA,37
1165,NA,NA,NA,NA,NA,37
1166,NA,NA,NA,NA,NA,37
1167,NA,NA,NA,NA,NA,37
1168,NA,NA,NA,NA,NA,34
1169,NA,NA,NA,NA,NA,34
1170,NA,NA,NA,NA,NA,42
1171,NA,NA,NA,NA,NA,42
1172,NA,NA,NA,NA,NA,42
1173,NA,NA,NA,NA,NA,42
1174,NA,NA,NA,NA,NA,42
1175,NA,NA,NA,NA,NA,42
1176,NA,NA,NA,NA,NA,42
1177,NA,NA,NA,NA,NA,33
1178,NA,NA,NA,NA,NA,38
1179,NA,NA,NA,NA,NA,38
1180,NA,NA,NA,NA,NA,38
1181,NA,NA,NA,NA,NA,38
1182,NA,NA,NA,NA,NA,38
1183,NA,NA,NA,NA,NA,38
1184,NA,NA,NA,NA,NA,38
1185,NA,NA,NA,NA,NA,38
1186,NA,NA,NA,NA,NA,38
1187,NA,NA,NA,NA,NA,38
1188,NA,NA,NA,NA,NA,34
1189,NA,NA,NA,NA,NA,34
1190,NA,NA,NA,NA,NA,33
1191,NA,NA,NA,NA,NA,34
1192,NA,NA,NA,NA,NA,56
1193,NA,NA,NA,NA,NA,56
1194,NA,NA,NA,NA,NA,34
1195,NA,NA,NA,NA,NA,31
1196,NA,NA,NA,NA,NA,31
1197,NA,NA,NA,NA,NA,31
1198,NA,NA,NA,NA,NA,31
1199,NA,NA,NA,NA,NA,31
1200,NA,NA,NA,NA,NA,37
1201,NA,NA,NA,NA,NA,37
1202,NA,NA,NA,NA,NA,56
1203,NA,NA,NA,NA,NA,34
1204,NA,NA,NA,NA,NA,34
1205,NA,NA,NA,NA,NA,34
1206,NA,NA,NA,NA,NA,34
1207,NA,NA,NA,NA,NA,34
1208,NA,NA,NA,NA,NA,34
1209,NA,NA,NA,NA,NA,33
1210,NA,NA,NA,NA,NA,32
1211,NA,NA,NA,NA,NA,31
1212,NA,NA,NA,NA,NA,31
1213,NA,NA,NA,NA,NA,33
1214,NA,NA,NA,NA,NA,33
1215,NA,NA,NA,NA,NA,33
1216,NA,NA,NA,NA,NA,33
1217,NA,NA,NA,NA,NA,33
1218,NA,NA,NA,NA,NA,33
1219,NA,NA,NA,NA,NA,33
1220,NA,NA,NA,NA,NA,33
1221,NA,NA,NA,NA,NA,34
1222,NA,NA,NA,NA,NA,34
1223,NA,NA,NA,NA,NA,34
1224,NA,NA,NA,NA,NA,74
1225,NA,NA,NA,NA,NA,74
1226,NA,NA,NA,NA,NA,37
1227,NA,NA,NA,NA,NA,37
1228,NA,NA,NA,NA,NA,37
1229,NA,NA,NA,NA,NA,37
1230,NA,NA,NA,NA,NA,37
1231,NA,NA,NA,NA,NA,37
1232,NA,NA,NA,NA,NA,37
1233,NA,NA,NA,NA,NA,37
1234,NA,NA,NA,NA,NA,38
1235,NA,NA,NA,NA,NA,38
1236,NA,NA,NA,NA,NA,38
1237,NA,NA,NA,NA,NA,38
1238,NA,NA,NA,NA,NA,38
1239,NA,NA,NA,NA,NA,37
1240,NA,NA,NA,NA,NA,37
1241,NA,NA,NA,NA,NA,37
1242,NA,NA,NA,NA,NA,37
1243,NA,NA,NA,NA,NA,37
1244,NA,NA,NA,NA,NA,31
1245,NA,NA,NA,NA,NA,31
1246,NA,NA,NA,NA,NA,31
1247,NA,NA,NA,NA,NA,31
1248,NA,NA,NA,NA,NA,31
1249,NA,NA,NA,NA,NA,31
1250,NA,NA,NA,NA,NA,34
1251,NA,NA,NA,NA,NA,34
1252,NA,NA,NA,NA,NA,33
1253,NA,NA,NA,NA,NA,33
1254,NA,NA,NA,NA,NA,38
1255,NA,NA,NA,NA,NA,38
1256,NA,NA,NA,NA,NA,33
1257,NA,NA,NA,NA,NA,38
1258,NA,NA,NA,NA,NA,56
1259,NA,NA,NA,NA,NA,56
1260,NA,NA,NA,NA,NA,56
1261,NA,NA,NA,NA,NA,56
1262,NA,NA,NA,NA,NA,34
1263,NA,NA,NA,NA,NA,34
1264,NA,NA,NA,NA,NA,34
1265,NA,NA,NA,NA,NA,34
1266,NA,NA,NA,NA,NA,34
1267,NA,NA,NA,NA,NA,32
1268,NA,NA,NA,NA,NA,32
1269,NA,NA,NA,NA,NA,23
1270,NA,NA,NA,NA,NA,23
1271,NA,NA,NA,NA,NA,23
1272,NA,NA,NA,NA,NA,23
1273,NA,NA,NA,NA,NA,36
1274,NA,NA,NA,NA,NA,36
1275,NA,NA,NA,NA,NA,36
1276,NA,NA,NA,NA,NA,36
1277,NA,NA,NA,NA,NA,36
1278,NA,NA,NA,NA,NA,36
1279,NA,NA,NA,NA,NA,36
1280,NA,NA,NA,NA,NA,36
1281,NA,NA,NA,NA,NA,36
1282,NA,NA,NA,NA,NA,36
1283,NA,NA,NA,NA,NA,35
1284,NA,NA,NA,NA,NA,35
1285,NA,NA,NA,NA,NA,35
1286,NA,NA,NA,NA,NA,35
1287,NA,NA,NA,NA,NA,35
1288,NA,NA,NA,NA,NA,35
1289,NA,NA,NA,NA,NA,35
1290,NA,NA,NA,NA,NA,35
1291,NA,NA,NA,NA,NA,35
1292,NA,NA,NA,NA,NA,35
1293,NA,NA,NA,NA,NA,35
1294,NA,NA,NA,NA,NA,35
1295,NA,NA,NA,NA,NA,35
1296,NA,NA,NA,NA,NA,35
1297,NA,NA,NA,NA,NA,35
1298,NA,NA,NA,NA,NA,35
1299,NA,NA,NA,NA,NA,35
1300,NA,NA,NA,NA,NA,35
1301,NA,NA,NA,NA,NA,35
1302,NA,NA,NA,NA,NA,35
1303,NA,NA,NA,NA,NA,35
1304,NA,NA,NA,NA,NA,35
1305,NA,NA,NA,NA,NA,35
1306,NA,NA,NA,NA,NA,35
1307,NA,NA,NA,NA,NA,33
1308,NA,NA,NA,NA,NA,33
1309,NA,NA,NA,NA,NA,33
1310,NA,NA,NA,NA,NA,33
1311,NA,NA,NA,NA,NA,33
1312,NA,NA,NA,NA,NA,33
1313,NA,NA,NA,NA,NA,33
1314,NA,NA,NA,NA,NA,33
1315,NA,NA,NA,NA,NA,33
1316,NA,NA,NA,NA,NA,33
1317,NA,NA,NA,NA,NA,33
1318,NA,NA,NA,NA,NA,33
1319,NA,NA,NA,NA,NA,56
1320,NA,NA,NA,NA,NA,56
1321,NA,NA,NA,NA,NA,33
1322,NA,NA,NA,NA,NA,33
1323,NA,NA,NA,NA,NA,33
1324,NA,NA,NA,NA,NA,33
1325,NA,NA,NA,NA,NA,33
1326,NA,NA,NA,NA,NA,33
1327,NA,NA,NA,NA,NA,37
1328,NA,NA,NA,NA,NA,37
1329,NA,NA,NA,NA,NA,37
1330,NA,NA,NA,NA,NA,37
1331,NA,NA,NA,NA,NA,37
1332,NA,NA,NA,NA,NA,37
1333,NA,NA,NA,NA,NA,37
1334,NA,NA,NA,NA,NA,37
1335,NA,NA,NA,NA,NA,37
1336,NA,NA,NA,NA,NA,37
1337,NA,NA,NA,NA,NA,37
1338,NA,NA,NA,NA,NA,37
1339,NA,NA,NA,NA,NA,37
1340,NA,NA,NA,NA,NA,37
1341,NA,NA,NA,NA,NA,37
1342,NA,NA,NA,NA,NA,37
1343,NA,NA,NA,NA,NA,37
1344,NA,NA,NA,NA,NA,37
1345,NA,NA,NA,NA,NA,37
1346,NA,NA,NA,NA,NA,37
1347,NA,NA,NA,NA,NA,36
1348,NA,NA,NA,NA,NA,36
1349,NA,NA,NA,NA,NA,36
1350,NA,NA,NA,NA,NA,36
1351,NA,NA,NA,NA,NA,36
1352,NA,NA,NA,NA,NA,36
1353,NA,NA,NA,NA,NA,36
1354,NA,NA,NA,NA,NA,36
1355,NA,NA,NA,NA,NA,36
1356,NA,NA,NA,NA,NA,36
1357,NA,NA,NA,NA,NA,36
1358,NA,NA,NA,NA,NA,36
1359,NA,NA,NA,NA,NA,36
1360,NA,NA,NA,NA,NA,36
1361,NA,NA,NA,NA,NA,36
1362,NA,NA,NA,NA,NA,36
1363,NA,NA,NA,NA,NA,36
1364,NA,NA,NA,NA,NA,36
1365,NA,NA,NA,NA,NA,36
1366,NA,NA,NA,NA,NA,36
1367,NA,NA,NA,NA,NA,36
1368,NA,NA,NA,NA,NA,36
1369,NA,NA,NA,NA,NA,36
1370,NA,NA,NA,NA,NA,31
1371,NA,NA,NA,NA,NA,31
1372,NA,NA,NA,NA,NA,31
1373,NA,NA,NA,NA,NA,31
1374,NA,NA,NA,NA,NA,31
1375,NA,NA,NA,NA,NA,31
1376,NA,NA,NA,NA,NA,33
1377,NA,NA,NA,NA,NA,33
1378,NA,NA,NA,NA,NA,38
1379,NA,NA,NA,NA,NA,38
1380,NA,NA,NA,NA,NA,38
1381,NA,NA,NA,NA,NA,42
1382,NA,NA,NA,NA,NA,42
1383,NA,NA,NA,NA,NA,42
1384,NA,NA,NA,NA,NA,42
1385,NA,NA,NA,NA,NA,42
1386,NA,NA,NA,NA,NA,43
1387,NA,NA,NA,NA,NA,34
1388,NA,NA,NA,NA,NA,34
1389,NA,NA,NA,NA,NA,34
1390,NA,NA,NA,NA,NA,34
1391,NA,NA,NA,NA,NA,34
1392,NA,NA,NA,NA,NA,34
1393,NA,NA,NA,NA,NA,34
1394,NA,NA,NA,NA,NA,34
1395,NA,NA,NA,NA,NA,34
1396,NA,NA,NA,NA,NA,34
1397,NA,NA,NA,NA,NA,34
1398,NA,NA,NA,NA,NA,34
1399,NA,NA,NA,NA,NA,34
1400,NA,NA,NA,NA,NA,34
1401,NA,NA,NA,NA,NA,34
1402,NA,NA,NA,NA,NA,34
1403,NA,NA,NA,NA,NA,34
1404,NA,NA,NA,NA,NA,34
1405,NA,NA,NA,NA,NA,37
1406,NA,NA,NA,NA,NA,37
1407,NA,NA,NA,NA,NA,37
1408,NA,NA,NA,NA,NA,37
1409,NA,NA,NA,NA,NA,37
1410,NA,NA,NA,NA,NA,37
1411,NA,NA,NA,NA,NA,37
1412,NA,NA,NA,NA,NA,37
1413,NA,NA,NA,NA,NA,37
1414,NA,NA,NA,NA,NA,56
1415,NA,NA,NA,NA,NA,33
1416,NA,NA,NA,NA,NA,57
1417,NA,NA,NA,NA,NA,57
1418,NA,NA,NA,NA,NA,57
1419,NA,NA,NA,NA,NA,57
1420,NA,NA,NA,NA,NA,57
1421,NA,NA,NA,NA,NA,57
1422,NA,NA,NA,NA,NA,37
1423,NA,NA,NA,NA,NA,37
1424,NA,NA,NA,NA,NA,37
1425,NA,NA,NA,NA,NA,37
1426,NA,NA,NA,NA,NA,37
1427,NA,NA,NA,NA,NA,37
1428,NA,NA,NA,NA,NA,34
1429,NA,NA,NA,NA,NA,34
1430,NA,NA,NA,NA,NA,34
1431,NA,NA,NA,NA,NA,34
1432,NA,NA,NA,NA,NA,37
1433,NA,NA,NA,NA,NA,37
1434,NA,NA,NA,NA,NA,45
1435,NA,NA,NA,NA,NA,45
1436,NA,NA,NA,NA,NA,56
1437,NA,NA,NA,NA,NA,33
1438,NA,NA,NA,NA,NA,33
1439,NA,NA,NA,NA,NA,33
1440,NA,NA,NA,NA,NA,33
1441,NA,NA,NA,NA,NA,33
1442,NA,NA,NA,NA,NA,31
1443,NA,NA,NA,NA,NA,31
1444,NA,NA,NA,NA,NA,31
1445,NA,NA,NA,NA,NA,45
1446,NA,NA,NA,NA,NA,38
1447,NA,NA,NA,NA,NA,33
1448,NA,NA,NA,NA,NA,33
1449,NA,NA,NA,NA,NA,33
1450,NA,NA,NA,NA,NA,33
1451,NA,NA,NA,NA,NA,33
1452,NA,NA,NA,NA,NA,33
1453,NA,NA,NA,NA,NA,37
1454,NA,NA,NA,NA,NA,37
1455,NA,NA,NA,NA,NA,37
1456,NA,NA,NA,NA,NA,37
1457,NA,NA,NA,NA,NA,37
1458,NA,NA,NA,NA,NA,37
1459,NA,NA,NA,NA,NA,38
1460,NA,NA,NA,NA,NA,38
1461,NA,NA,NA,NA,NA,38
1462,NA,NA,NA,NA,NA,38
1463,NA,NA,NA,NA,NA,38
1464,NA,NA,NA,NA,NA,38
1465,NA,NA,NA,NA,NA,33
1466,NA,NA,NA,NA,NA,56
1467,NA,NA,NA,NA,NA,56
1468,NA,NA,NA,NA,NA,33
1469,NA,NA,NA,NA,NA,33
1470,NA,NA,NA,NA,NA,33
1471,NA,NA,NA,NA,NA,33
1472,NA,NA,NA,NA,NA,35
1473,NA,NA,NA,NA,NA,35
1474,NA,NA,NA,NA,NA,35
1475,NA,NA,NA,NA,NA,35
1476,NA,NA,NA,NA,NA,35
1477,NA,NA,NA,NA,NA,38
1478,NA,NA,NA,NA,NA,38
1479,NA,NA,NA,NA,NA,38
1480,NA,NA,NA,NA,NA,38
1481,NA,NA,NA,NA,NA,38
1482,NA,NA,NA,NA,NA,38
1483,NA,NA,NA,NA,NA,38
1484,NA,NA,NA,NA,NA,38
1485,NA,NA,NA,NA,NA,38
1486,NA,NA,NA,NA,NA,38
1487,NA,NA,NA,NA,NA,47
1488,NA,NA,NA,NA,NA,33
1489,NA,NA,NA,NA,NA,33
1490,NA,NA,NA,NA,NA,33
1491,NA,NA,NA,NA,NA,35
1492,NA,NA,NA,NA,NA,37
1493,NA,NA,NA,NA,NA,37
1494,NA,NA,NA,NA,NA,33
1495,NA,NA,NA,NA,NA,33
1496,NA,NA,NA,NA,NA,56
1497,NA,NA,NA,NA,NA,24
1498,NA,NA,NA,NA,NA,24
1499,NA,NA,NA,NA,NA,24
1500,NA,NA,NA,NA,NA,24
1501,NA,NA,NA,NA,NA,36
1502,NA,NA,NA,NA,NA,36
1503,NA,NA,NA,NA,NA,36
1504,NA,NA,NA,NA,NA,36
1505,NA,NA,NA,NA,NA,36
1506,NA,NA,NA,NA,NA,36
1507,NA,NA,NA,NA,NA,36
1508,NA,NA,NA,NA,NA,36
1509,NA,NA,NA,NA,NA,36
1510,NA,NA,NA,NA,NA,36
1511,NA,NA,NA,NA,NA,36
1512,NA,NA,NA,NA,NA,36
1513,NA,NA,NA,NA,NA,36
1514,NA,NA,NA,NA,NA,36
1515,NA,NA,NA,NA,NA,36
1516,NA,NA,NA,NA,NA,36
1517,NA,NA,NA,NA,NA,36
1518,NA,NA,NA,NA,NA,36
1519,NA,NA,NA,NA,NA,36
1520,NA,NA,NA,NA,NA,36
1521,NA,NA,NA,NA,NA,36
1522,NA,NA,NA,NA,NA,23
1523,NA,NA,NA,NA,NA,43
1524,NA,NA,NA,NA,NA,43
1525,NA,NA,NA,NA,NA,43
1526,NA,NA,NA,NA,NA,32
1527,NA,NA,NA,NA,NA,32
1528,NA,NA,NA,NA,NA,36
1529,NA,NA,NA,NA,NA,36
1530,NA,NA,NA,NA,NA,36
1531,NA,NA,NA,NA,NA,36
1532,NA,NA,NA,NA,NA,36
1533,NA,NA,NA,NA,NA,36
1534,NA,NA,NA,NA,NA,36
1535,NA,NA,NA,NA,NA,36
1536,NA,NA,NA,NA,NA,36
1537,NA,NA,NA,NA,NA,36
1538,NA,NA,NA,NA,NA,36
1539,NA,NA,NA,NA,NA,36
1540,NA,NA,NA,NA,NA,36
1541,NA,NA,NA,NA,NA,36
1542,NA,NA,NA,NA,NA,36
1543,NA,NA,NA,NA,NA,36
1544,NA,NA,NA,NA,NA,36
1545,NA,NA,NA,NA,NA,36
1546,NA,NA,NA,NA,NA,36
1547,NA,NA,NA,NA,NA,36
1548,NA,NA,NA,NA,NA,36
1549,NA,NA,NA,NA,NA,36
1550,NA,NA,NA,NA,NA,36
1551,NA,NA,NA,NA,NA,36
1552,NA,NA,NA,NA,NA,36
1553,NA,NA,NA,NA,NA,36
1554,NA,NA,NA,NA,NA,36
1555,NA,NA,NA,NA,NA,36
1556,NA,NA,NA,NA,NA,36
1557,NA,NA,NA,NA,NA,36
1558,NA,NA,NA,NA,NA,36
1559,NA,NA,NA,NA,NA,36
1560,NA,NA,NA,NA,NA,36
1561,NA,NA,NA,NA,NA,36
1562,NA,NA,NA,NA,NA,36
1563,NA,NA,NA,NA,NA,36
1564,NA,NA,NA,NA,NA,36
1565,NA,NA,NA,NA,NA,36
1566,NA,NA,NA,NA,NA,36
1567,NA,NA,NA,NA,NA,36
1568,NA,NA,NA,NA,NA,36
1569,NA,NA,NA,NA,NA,36
1570,NA,NA,NA,NA,NA,36
1571,NA,NA,NA,NA,NA,36
1572,NA,NA,NA,NA,NA,36
1573,NA,NA,NA,NA,NA,36
1574,NA,NA,NA,NA,NA,36
1575,NA,NA,NA,NA,NA,36
1576,NA,NA,NA,NA,NA,36
1577,NA,NA,NA,NA,NA,36
1578,NA,NA,NA,NA,NA,36
1579,NA,NA,NA,NA,NA,36
1580,NA,NA,NA,NA,NA,36
1581,NA,NA,NA,NA,NA,36
1582,NA,NA,NA,NA,NA,36
1583,NA,NA,NA,NA,NA,36
1584,NA,NA,NA,NA,NA,36
1585,NA,NA,NA,NA,NA,36
1586,NA,NA,NA,NA,NA,36
1587,NA,NA,NA,NA,NA,36
1588,NA,NA,NA,NA,NA,36
1589,NA,NA,NA,NA,NA,36
1590,NA,NA,NA,NA,NA,36
1591,NA,NA,NA,NA,NA,36
1592,NA,NA,NA,NA,NA,36
1593,NA,NA,NA,NA,NA,36
1594,NA,NA,NA,NA,NA,36
1595,NA,NA,NA,NA,NA,36
1596,NA,NA,NA,NA,NA,36
1597,NA,NA,NA,NA,NA,34
1598,NA,NA,NA,NA,NA,34
1599,NA,NA,NA,NA,NA,34
1600,NA,NA,NA,NA,NA,34
1601,NA,NA,NA,NA,NA,56
1602,NA,NA,NA,NA,NA,57
1603,NA,NA,NA,NA,NA,57
1604,NA,NA,NA,NA,NA,57
1605,NA,NA,NA,NA,NA,33
1606,NA,NA,NA,NA,NA,37
1607,NA,NA,NA,NA,NA,37
1608,NA,NA,NA,NA,NA,37
1609,NA,NA,NA,NA,NA,37
1610,NA,NA,NA,NA,NA,33
1611,NA,NA,NA,NA,NA,33
1612,NA,NA,NA,NA,NA,37
1613,NA,NA,NA,NA,NA,37
1614,NA,NA,NA,NA,NA,37
1615,NA,NA,NA,NA,NA,37
1616,NA,NA,NA,NA,NA,37
1617,NA,NA,NA,NA,NA,37
1618,NA,NA,NA,NA,NA,37
1619,NA,NA,NA,NA,NA,37
1620,NA,NA,NA,NA,NA,37
1621,NA,NA,NA,NA,NA,37
1622,NA,NA,NA,NA,NA,37
1623,NA,NA,NA,NA,NA,37
1624,NA,NA,NA,NA,NA,37
1625,NA,NA,NA,NA,NA,37
1626,NA,NA,NA,NA,NA,37
1627,NA,NA,NA,NA,NA,37
1628,NA,NA,NA,NA,NA,37
1629,NA,NA,NA,NA,NA,45
1630,NA,NA,NA,NA,NA,56
1631,NA,NA,NA,NA,NA,34
1632,NA,NA,NA,NA,NA,34
1633,NA,NA,NA,NA,NA,34
1634,NA,NA,NA,NA,NA,34
1635,NA,NA,NA,NA,NA,34
1636,NA,NA,NA,NA,NA,34
1637,NA,NA,NA,NA,NA,34
1638,NA,NA,NA,NA,NA,34
1639,NA,NA,NA,NA,NA,34
1640,NA,NA,NA,NA,NA,34
1641,NA,NA,NA,NA,NA,32
1642,NA,NA,NA,NA,NA,32
1643,NA,NA,NA,NA,NA,32
1644,NA,NA,NA,NA,NA,32
1645,NA,NA,NA,NA,NA,32
1646,NA,NA,NA,NA,NA,52
1647,NA,NA,NA,NA,NA,37
1648,NA,NA,NA,NA,NA,33
1649,NA,NA,NA,NA,NA,33
1650,NA,NA,NA,NA,NA,33
1651,NA,NA,NA,NA,NA,33
1652,NA,NA,NA,NA,NA,33
1653,NA,NA,NA,NA,NA,33
1654,NA,NA,NA,NA,NA,33
1655,NA,NA,NA,NA,NA,43
1656,NA,NA,NA,NA,NA,34
1657,NA,NA,NA,NA,NA,32
1658,NA,NA,NA,NA,NA,32
1659,NA,NA,NA,NA,NA,32
1660,NA,NA,NA,NA,NA,32
1661,NA,NA,NA,NA,NA,33
1662,NA,NA,NA,NA,NA,33
1663,NA,NA,NA,NA,NA,56
1664,NA,NA,NA,NA,NA,56
1665,NA,NA,NA,NA,NA,56
1666,NA,NA,NA,NA,NA,56
1667,NA,NA,NA,NA,NA,36
1668,NA,NA,NA,NA,NA,36
1669,NA,NA,NA,NA,NA,36
1670,NA,NA,NA,NA,NA,36
1671,NA,NA,NA,NA,NA,36
1672,NA,NA,NA,NA,NA,36
1673,NA,NA,NA,NA,NA,36
1674,NA,NA,NA,NA,NA,36
1675,NA,NA,NA,NA,NA,36
1676,NA,NA,NA,NA,NA,36
1677,NA,NA,NA,NA,NA,36
1678,NA,NA,NA,NA,NA,36
1679,NA,NA,NA,NA,NA,36
1680,NA,NA,NA,NA,NA,36
1681,NA,NA,NA,NA,NA,36
1682,NA,NA,NA,NA,NA,45
1683,NA,NA,NA,NA,NA,45
1684,NA,NA,NA,NA,NA,45
1685,NA,NA,NA,NA,NA,45
1686,NA,NA,NA,NA,NA,34
1687,NA,NA,NA,NA,NA,34
1688,NA,NA,NA,NA,NA,34
1689,NA,NA,NA,NA,NA,34
1690,NA,NA,NA,NA,NA,34
1691,NA,NA,NA,NA,NA,34
1692,NA,NA,NA,NA,NA,34
1693,NA,NA,NA,NA,NA,34
1694,NA,NA,NA,NA,NA,34
1695,NA,NA,NA,NA,NA,34
1696,NA,NA,NA,NA,NA,34
1697,NA,NA,NA,NA,NA,52
1698,NA,NA,NA,NA,NA,33
1699,NA,NA,NA,NA,NA,55
1700,NA,NA,NA,NA,NA,55
