"","Genus","Species","idFB","StockCode"
"1","Thunnus","alalunga",142,156
"2","Hippoglossoides","platessoides",4239,4435
"3","Engraulis","encrasicolus",66,76
"4","Theragra","chalcogramma",318,332
"5","Atheresthes","stomias",517,533
"6","Engraulis","anchoita",1659,1852
"7","Merluccius","hubbsi",325,339
"8","Thunnus","thynnus",147,161
"9","Hippoglossus","hippoglossus",1371,1389
"10","Pleurogrammus","monopterygius",4037,4233
"11","Micropogonias","undulatus",408,422
"12","Dissostichus","mawsoni",7039,7377
"13","Arripis","trutta",5048,14356
"14","Callinectes","sapidus",NA,NA
"15","Macruronus","novaezelandiae",1825,2021
"16","Thunnus","obesus",146,160
"17","Epigonus","telescopus",2508,2704
"18","Paralithodes","platypus",NA,NA
"19","Mycteroperca","bonaci",1209,1225
"20","Allocyttus","niger",12962,13287
"21","Sebastes","melanops",3979,4175
"22","Pomatomus","saltatrix",364,378
"23","Scomber","australasicus",116,130
"24","Makaira","nigricans",216,230
"25","Hyperoglyphe","antarctica",496,512
"26","Sebastes","paucispinis",3987,4183
"27","Centropristis","striata",361,375
"28","Peprilus","triacanthus",492,508
"29","Micromesistius","poutassou",31,41
"30","Scorpaenichthys","marmoratus",4140,4336
"31","Mallotus","villosus",252,266
"32","Merluccius","capensis",1828,2024
"33","Sebastes","goodei",3971,4167
"34","Trachurus","murphyi",367,381
"35","Scomber","japonicus",117,131
"36","Gadus","morhua",69,79
"37","Jasus","lalandii",NA,NA
"38","Sebastes","pinniger",3989,4185
"39","Trachurus","capensis",5382,5641
"40","Sebastes","crameri",3962,4158
"41","Microstomus","pacificus",4247,4443
"42","Hippoglossoides","elassodon",519,535
"43","Lepidorhombus","boscii",27,37
"44","Mycteroperca","microlepis",1212,1228
"45","Rexea","solandri",8490,8804
"46","Reinhardtius","hippoglossoides",516,532
"47","Seriola","dumerili",1005,1021
"48","Kathetostoma","giganteum",12920,13253
"49","Penaeus","semisulcatus",NA,NA
"50","Melanogrammus","aeglefinus",1381,1400
"51","Merluccius","merluccius",30,40
"52","Clupea","harengus",24,32
"53","Clupea","pallasii",1520,1713
"54","Illex","illecebrosus",NA,NA
"55","Engraulis","japonicus",1663,1856
"56","Trachurus","japonicus",366,380
"57","Hexagrammos","decagrammus",4032,4228
"58","Genypterus","capensis",485,499
"59","Scomberomorus","cavalla",120,134
"60","Ophiodon","elongatus",509,525
"61","Homarus","americanus",NA,NA
"62","Scomber","scombrus",118,132
"63","Lepidorhombus","whiffiagonis",28,38
"64","Brevoortia","patronus",1589,1782
"65","Brevoortia","tyrannus",1592,1785
"66","Lophius","americanus",532,549
"67","Nemadactylus","macropterus",10106,10429
"68","Mugil","cephalus",785,801
"69","Trisopterus","esmarkii",1023,1039
"70","Genypterus","blacodes",482,496
"71","Paralichthys","olivaceus",1351,1369
"72","Hoplostethus","atlanticus",334,348
"73","Thunnus","orientalis",14290,14134
"74","Engraulis","ringens",4,4
"75","Pandalus","borealis",NA,NA
"76","Macruronus","magellanicus",329,343
"77","Gadus","macrocephalus",308,322
"78","Sebastes","alutus",504,520
"79","Merluccius","productus",326,340
"80","Hippoglossus","stenolepis",514,530
"81","Sardinops","melanostictus",1477,1670
"82","Pleuronectes","platessa",1342,1360
"83","Pollachius","virens",1343,1361
"84","Eopsetta","jordani",4237,4433
"85","Dissostichus","eleginoides",467,481
"86","Arctica","islandica",NA,NA
"87","Chaceon","quinquedens",NA,NA
"88","Sebastes","mentella",505,521
"89","Sebastes","spp",NA,NA
"90","Glyptocephalus","zachirus",4238,4434
"91","Epinephelus","morio",17,25
"92","Etrumeus","teres",1455,1648
"93","Paralithodes","camtschaticus",NA,NA
"94","Pagrus","pagrus",1756,1249
"95","Jasus","edwardsii",NA,NA
"96","Lutjanus","campechanus",1423,1476
"97","Lepidopsetta","bilineata",24237,19250
"98","Haliotis","midae",NA,NA
"99","Anoplopoma","fimbria",512,528
"100","Istiophorus","albicans",78,86
"101","Sardinops","sagax",1477,1670
"102","Sardina","pilchardus",1350,1368
"103","Cololabis","saira",303,317
"104","Thunnus","maccoyii",145,159
"105","Micromesistius","australis",320,334
"106","Placopecten","magellanicus",NA,NA
"107","Metanephrops","challengeri",NA,NA
"108","Stenotomus","chrysops",452,466
"109","Squalus","acanthias",139,153
"110","Paralichthys","dentatus",1338,1356
"111","Isurus","oxyrinchus",752,768
"112","Merluccius","bilinearis",323,337
"113","Seriolella","punctata",12922,13255
"114","Katsuwonus","pelamis",107,121
"115","Pseudocyttus","maculatus",7151,7493
"116","Chionoecetes","opilio",NA,NA
"117","Epinephelus","niveatus",1208,1224
"118","Sebastes","diploproa",3964,4160
"119","Merluccius","australis",322,336
"120","Scomberomorus","maculatus",126,140
"121","Scomberomorus","niphonius",131,145
"122","Merluccius","gayi",324,338
"123","Sprattus","sprattus",1357,1375
"124","Palinurus","gilchristi",NA,NA
"125","Sebastolobus","alascanus",4009,4205
"126","Platichthys","stellatus",4249,4445
"127","Morone","saxatilis",353,367
"128","Spisula","solidissima",NA,NA
"129","Xiphias","gladius",226,240
"130","Lopholatilus","chamaeleonticeps",362,376
"131","Pseudocaranx","dentex",1002,1018
"132","Rhomboplites","aurorubens",213,227
"133","Seriolella","brama",12918,13251
"134","Cynoscion","regalis",406,420
"135","Urophycis","tenuis",313,327
"136","Merlangius","merlangus",29,39
"137","Scophthalmus","aquosus",530,546
"138","Pseudopleuronectes","americanus",524,540
"139","Glyptocephalus","cynoglossus",26,36
"140","Tetrapturus","albidus",219,233
"141","Sebastes","entomelas",502,518
"142","Limanda","ferruginea",521,537
"143","Thunnus","albacares",143,157
"144","Limanda","aspera",520,536
"145","Sebastes","flavidus",503,519
"146","Ocyurus","chrysurus",188,202
"147","Lophius","spp",NA,NA
"148","Loliginidae","Ommastrephidae",NA,NA
"149","Arctoscopus","japonicus",463,477
"150","Mugilidae","spp",NA,NA
"151","Perciformes","spp",NA,NA
"152","Donax","spp",NA,NA
"153","Osteichthyes","spp",NA,NA
"154","Mollusca","spp",NA,NA
"155","Ariidae","spp",NA,NA
"156","Sciaenidae","spp",NA,NA
"157","Sparidae","spp",NA,NA
"158","Lithodes","santolla",NA,NA
"159","Serranidae","spp",NA,NA
"160","Oncorhynchus","keta",241,255
"161","Holothuroidea","spp",NA,NA
"162","Gerreidae","spp",NA,NA
"163","Epinephelus","spp",NA,NA
"164","Scombroidei","spp",NA,NA
"165","Sarda","sarda",115,129
"166","Selene","setapinnis",378,392
"167","Spondyliosoma","cantharus",1356,1374
"168","Boops","boops",203,217
"169","Dentex","dentex",439,453
"170","Octopus","vulgaris",NA,NA
"171","Loligo","spp",NA,NA
"172","Sepiidae","Sepiolidae",NA,NA
"173","Squalidae","spp",NA,NA
"174","Conger","conger",301,315
"175","Gerres","spp",NA,NA
"176","Homarus","gammarus",NA,NA
"177","Dicentrarchus","labrax",63,73
"178","Pleuronectiformes","spp",NA,NA
"179","Auxis","thazard",94,108
"180","Belone","belone",47,57
"181","Sparus","aurata",1164,1180
"182","Selar","crumenophthalmus",387,401
"183","Euthynnus","alletteratus",97,111
"184","Trachurus","mediterraneus",1278,1295
"185","Nephrops","norvegicus",NA,NA
"186","Spicara","spp",NA,NA
"187","Rajiformes","spp",NA,NA
"188","Sardinella","aurita",1043,1059
"189","Oblada","melanura",850,866
"190","Sarpa","salpa",204,218
"191","Scomber","spp",NA,NA
"192","Scorpaenidae","spp",NA,NA
"193","Atherinidae","spp",NA,NA
"194","Maja","squinado",NA,NA
"195","Mullus","surmuletus",1327,1345
"196","Penaeus","spp",NA,NA
"197","Blank","spp",NA,NA
"198","Decapterus","spp",NA,NA
"199","Scomberomorus","spp",NA,NA
"200","Cyprinidae","spp",NA,NA
"201","Elasmobranchii","spp",NA,NA
"202","Muraenesox","cinereus",298,312
"203","Pampus","spp",NA,NA
"204","Sardinella","spp",NA,NA
"205","Nemipterus","spp",NA,NA
"206","Trachypenaeus","curvirostris",NA,NA
"207","Ammodytes","spp",NA,NA
"208","Cantherhines","spp",NA,NA
"209","Rhopilema","spp",NA,NA
"210","Normanichthys","crockeri",4313,4545
"211","Rastrelliger","spp",NA,NA
"212","Merluccius","capensis",1828,2024
"213","Anguilla","anguilla",35,45
"214","Stolephorus","spp",NA,NA
"215","Penaeus","chinensis",NA,NA
"216","Oreochromis","niloticus",2,1
"217","Selaroides","leptolepis",388,402
"218","Tenualosa","ilisha",1596,1789
"219","Penaeus","monodon",NA,NA
"220","Trachurus","spp",NA,NA
"221","Scomberomorus","commerson",121,135
"222","Siluroidei","spp",NA,NA
"223","Perna","perna",NA,NA
"224","Lates","niloticus",347,361
"225","Lutjanus","spp",NA,NA
"226","Sphyraena","spp",NA,NA
"227","Oreochromis","spp",NA,NA
"228","Argopecten","purpuratus",NA,NA
"229","Rastrelliger","brachysoma",109,123
"230","Ilisha","elongata",1627,1820
"231","Xiphopenaeus","Trachypenaeus",NA,NA
"232","Thunnus","tonggol",148,162
"233","Lates","calcarifer",346,360
"234","Cephalopoda","spp",NA,NA
"235","Rastrineobola","argentea",281,295
"236","Natantia","spp",NA,NA
"237","Portunus","pelagicus",NA,NA
"238","Caesionidae","spp",NA,NA
"239","Channa","spp",NA,NA
"240","Larimichthys","croceus",428,442
"241","Strongylocentrotus","spp",NA,NA
"242","Pleurogrammus","azonus",510,526
"243","Scomberomorus","guttatus",123,137
"244","Caranx","spp",NA,NA
"245","Sardinella","gibbosa",1508,1701
"246","Exocoetidae","spp",NA,NA
"247","Mormyridae","spp",NA,NA
"248","Crustacea","spp",NA,NA
"249","Upeneus","spp",NA,NA
"250","Percoidei","spp",NA,NA
"251","Brachyura","spp",NA,NA
"252","Panulirus","argus",NA,NA
"253","Zygochlamys","patagonica",NA,NA
"254","Coryphaena","hippurus",6,1884
"255","Sebastes","marinus",NA,NA
"256","Barbonymus","gonionotus",286,300
"257","Crassostrea","spp",NA,NA
"258","Parastromateus","niger",1947,2143
"259","Sardinella","longiceps",1511,1704
"260","Lethrinidae","spp",NA,NA
"261","Clarias","spp",NA,NA
"262","Channa","striata",343,357
"263","Dosidicus","gigas",NA,NA
"264","Chionoecetes","spp",NA,NA
"265","Panulirus","spp",NA,NA
"266","Clupeoidei","spp",NA,NA
"267","Sardinella","lemuru",1510,1703
"268","Ctenopharyngodon","idellus",79,88
"269","Loxechinus","albus",NA,NA
"270","Scombridae","spp",NA,NA
"271","Loligo","gahi",NA,NA
"272","Mullidae","spp",NA,NA
"273","Clarias","anguillaris",376,390
"274","Pecten","maximus",NA,NA
"275","Priacanthus","spp",NA,NA
"276","Brama","australis",54793,45368
"277","Eleginus","gracilis",315,329
"278","Cephalopholis","boenak",6444,6766
"279","Carassius","carassius",270,284
"280","Prochilodus","spp",NA,NA
"281","Metapenaeus","spp",NA,NA
"282","Scylla","serrata",NA,NA
"283","Sander","lucioperca",360,374
"284","Oncorhynchus","nerka",243,257
"285","Cancer","pagurus",NA,NA
"286","Pampus","argenteus",491,507
"287","Aspius","aspius",4783,5007
"288","Patagonotothen","ramsayi",10308,10631
"289","Siganus","spp",NA,NA
"290","Polynemidae","spp",NA,NA
"291","Aequipecten","opercularis",NA,NA
"292","Crassostrea","gigas",NA,NA
"293","Brachyplatystoma","vaillanti",7555,7859
"294","Trachurus","trachurus",1365,1383
"295","Prionace","glauca",898,914
"296","Abramis","brama",268,282
"297","Clarias","gariepinus",1934,2130
"298","Macrouridae","spp",NA,NA
"299","Spisula","polynyma",NA,NA
"300","Cyprinus","carpio",1450,1643
"301","Lutjanidae","spp",NA,NA
"302","Trichogaster","pectoralis",499,515
"303","Cynoscion","acoupa",1169,1185
"304","Anadara","granosa",NA,NA
"305","Megalaspis","cordyla",384,398
"306","Parapenaeus","longirostris",NA,NA
"307","Hemiramphus","spp",NA,NA
"308","Clupeonella","cultriventris",1470,1663
"309","Protothaca","thaca",NA,NA
"310","Capros","aper",54,64
"311","Pseudopleuronectes","herzenst",NA,NA
"312","Penaeus","notialis",NA,NA
"313","Gobiidae","spp",NA,NA
"314","Chirocentrus","spp",NA,NA
"315","Octopodidae","spp",NA,NA
"316","Barbus","barbus",4472,4670
"317","Argentina","spp",NA,NA
"318","Chrysichthys","nigrodigitatus",2440,2634
"319","Polydactylus","quadrifilis",5002,5237
"320","Tinca","tinca",269,283
"321","Sardinops","caeruleus",1477,1670
"322","Argopecten","ventricosus",NA,NA
"323","Stolothrissa","Limnothrissa",NA,NA
"324","Pseudotolithus","spp",NA,NA
"325","Crangon","crangon",NA,NA
"326","Cichlidae","spp",NA,NA
"327","Acipenser","stellatus",2065,2260
"328","Mene","maculata",390,404
"329","Oncorhynchus","gorbuscha",240,254
"330","Ethmalosa","fimbriata",1594,1787
"331","Belonidae","spp",NA,NA
"332","Rutilus","spp",NA,NA
"333","Semaprochilodus","insignis",25658,20245
"334","Harpadon","nehereus",260,274
"335","Esox","lucius",258,272
"336","Conger","myriaster",302,316
"337","Molva","molva",33,43
"338","Lophiidae","spp",NA,NA
"339","Synodontidae","spp",NA,NA
"340","Xiphopenaeus","kroyeri",NA,NA
"341","Saurida","tumbil",6479,6801
"342","Labridae","spp",NA,NA
"343","Lophius","piscatorius",716,732
"344","Heterotis","niloticus",2388,2582
"345","Characidae","spp",NA,NA
"346","Brosme","brosme",51,61
"347","Sillaginidae","spp",NA,NA
"348","Perca","fluviatilis",358,372
"349","Brachyplatystoma","flavicans",47756,40125
"350","Carcharhinus","limbatus",874,890
"351","Citharinus","spp",NA,NA
"352","Pangasius","djambal",14145,14041
"353","Synodontis","spp",NA,NA
"354","Coregonus","spp",NA,NA
"355","Buccinum","undatum",NA,NA
"356","Benthosema","pterotum",10238,10561
"357","Anabas","testudineus",495,511
"358","Oreochromis","mossambicus",3,3
"359","Scomberoides","commersonnianus",1950,2146
"360","Cetengraulis","mysticetus",548,564
"361","Brama","brama",391,405
"362","Hypophthalmichthys","molitrix",274,288
"363","Carcharhinus","falciformis",868,884
"364","Sepia","officinalis",NA,NA
"365","Haplochromis","spp",NA,NA
"366","Kryptopterus","spp",NA,NA
"367","Ruditapes","philippinarum",NA,NA
"368","Dussumieria","acuta",1453,1646
"369","Helostoma","temminckii",500,516
"370","Gymnarchus","niloticus",4519,4709
"371","Psettodes","erumei",513,529
"372","Raja","spp",NA,NA
"373","Congridae","spp",NA,NA
"374","Elagatis","bipinnulata",412,426
"375","Paphia","spp",NA,NA
"376","Moridae","spp",NA,NA
"377","Haemulidae","spp",NA,NA
"378","Tylosurus","spp",NA,NA
"379","Scomberoides","spp",NA,NA
"380","Metynnis","argenteus",25518,20137
"381","Anarhichas","lupus",2501,2695
"382","Chloroscombrus","chrysurus",385,399
"383","Caranx","ignobilis",1895,2091
"384","Mytilus","edulis",NA,NA
"385","Cyclopterus","lumpus",62,72
"386","Rutilus","frisii",8416,8730
"387","Leiognathidae","spp",NA,NA
"388","Ethmidium","maculatum",1593,1786
"389","Bivalvia","spp",NA,NA
"390","Penaeus","brasiliensis",NA,NA
"391","Parapenaeopsis","spp",NA,NA
"392","Chanos","chanos",80,95
"393","Carcharhinus","sorrah",884,900
"394","Seriola","spp",NA,NA
"395","Hoplias","aimara",27850,21747
"396","Meretrix","spp",NA,NA
"397","Ruvettus","pretiosus",1044,1060
"398","Paralomis","granulosa",NA,NA
"399","Loligo","pealeii",NA,NA
"400","Crassostrea","virginica",NA,NA
"401","Aulacomya","ater",NA,NA
"402","Chalcalburnus","tarichi",9635,9958
"403","Illex","argentinus",NA,NA
"404","Oncorhynchus","tshawytscha",244,258
"405","Cilus","gilberti",26675,20846
"406","Clupanodon","thrissa",1608,1801
"407","Istiophorus","platypterus",77,87
"408","Ibacus","ciliatus",NA,NA
"409","Opisthonema","oglinum",1486,1679
"410","Prochilodus","reticulatus",5491,5766
"411","Nototheniidae","spp",NA,NA
"412","Lutjanus","argentimaculatus",1407,1456
"413","Loligo","reynaudii",NA,NA
"414","Solea","solea",525,541
"415","Channa","micropeltes",344,358
"416","Brachydeuterus","auritus",400,414
"417","Cymbium","spp",NA,NA
"418","Percophis","brasiliensis",465,479
"419","Sarda","chiliensis",113,127
"420","Paralithodes","spp",NA,NA
"421","Osmerus","spp",NA,NA
"422","Decapterus","maruadsi",1939,2135
"423","Latridae","spp",NA,NA
"424","Paralichthys","spp",NA,NA
"425","Sepia","pharaonis",NA,NA
"426","Mytilidae","spp",NA,NA
"427","Busycon","spp",NA,NA
"428","Tawera","gayi",NA,NA
"429","Ammodytes","personatus",487,503
"430","Sander","vitreus",3516,4888
"431","Lampanyctodes","hectoris",259,273
"432","Acanthuridae","spp",NA,NA
"433","Muraenesox","spp",NA,NA
"434","Bagrus","spp",NA,NA
"435","Silurus","glanis",289,303
"436","Macrodon","ancylodon",417,431
"437","Scomberomorus","sierra",136,150
"438","Gastropoda","spp",NA,NA
"439","Stromateidae","spp",NA,NA
"440","Cynoscion","spp",NA,NA
"441","Panulirus","cygnus",NA,NA
"442","Mustelus","schmitti",5937,6246
"443","Cancer","irroratus",NA,NA
"444","Stromateus","fiatola",1198,1214
"445","Sphyraena","barracuda",1235,1251
"446","Lutjanus","purpureus",171,185
"447","Nemipterus","japonicus",4559,4744
"448","Cynoscion","guatucupa",52918,43947
"449","Molva","dypterygia",1383,1402
"450","Mustelus","spp",NA,NA
"451","Protopterus","spp",NA,NA
"452","Chirocentrus","nudus",1452,1645
"453","Pomadasys","kaakan",6006,6319
"454","Bagrus","bajad",5462,5738
"455","Lactarius","lactarius",363,377
"456","Veneridae","spp",NA,NA
"457","Urophycis","brasiliensis",311,325
"458","Prionotus","spp",NA,NA
"459","Nemadactylus","spp",NA,NA
"460","Leptobarbus","hoeveni",4797,5026
"461","Squilla","mantis",NA,NA
"462","Otolithes","ruber",4824,5053
"463","Huso","huso",2067,2262
"464","Balistidae","spp",NA,NA
"465","Curimata","cyprinoides",27823,21726
"466","Coregonus","clupeaformis",234,248
"467","Cancer","borealis",NA,NA
"468","Carangidae","spp",NA,NA
"469","Pangasius","spp",NA,NA
"470","Salilota","australis",306,320
"471","Eledone","spp",NA,NA
"472","Trisopterus","luscus",1367,1385
"473","Lepidorhombus","spp",NA,NA
"474","Pectinidae","spp",NA,NA
"475","Leuciscus","idus",2801,2997
"476","Trachurus","picturatus",1279,1296
"477","Istiophoridae","spp",NA,NA
"478","Lepidopus","caudatus",645,661
"479","Scyliorhinus","canicula",845,861
"480","Limanda","limanda",695,711
"481","Cervimunida","johni",NA,NA
"482","Cancer","edwardsii",NA,NA
"483","Scomberesox","saurus",1084,1100
"484","Carcharhinidae","spp",NA,NA
"485","Acipenser","ruthenus",4604,4791
"486","Euthynnus","affinis",96,110
"487","Engraulidae","spp",NA,NA
"488","Bregmaceros","mcclellandi",8421,8735
"489","Galeoides","decadactylus",341,355
"490","Ilisha","africana",1625,1818
"491","Panopea","abrupta",NA,NA
"492","Squatina","argentina",727,743
"493","Heterocarpus","reedi",NA,NA
"494","Pleuroncodes","monodon",NA,NA
"495","Soleidae","spp",NA,NA
"496","Coregonus","albula",231,245
"497","Plectorhinchus","mediterraneus",398,412
"498","Coryphaenoides","rupestris",332,346
"499","Cynoscion","analis",403,417
"500","Haliotis","rubra",NA,NA
"501","Micropogonias","spp",NA,NA
"502","Pagellus","bellottii",436,450
"503","Seriolella","spp",NA,NA
"504","Perca","flavescens",359,373
"505","Colossoma","macropomum",263,277
"506","Centropomus","spp",NA,NA
"507","Epinephelus","coioides",6465,6787
"508","Rastrelliger","kanagurta",111,125
"509","Mullus","spp",NA,NA
"510","Pennahia","anea",13664,13748
"511","Anarhichas","minor",3811,4007
"512","Trichiurus","lepturus",1288,1305
"513","Gadiformes","spp",NA,NA
"514","Panulirus","gracilis",NA,NA
"515","Pandalus","spp",NA,NA
"516","Oncorhynchus","kisutch",245,259
"517","Macrourus","carinatus",7137,7309
"518","Tetraodontidae","spp",NA,NA
"519","Acanthistius","brasilianus",351,365
"520","Triglidae","spp",NA,NA
"521","Sepioteuthis","lessoniana",NA,NA
"522","Isacia","conceptionis",397,411
"523","Cerastoderma","edule",NA,NA
"524","Strombus","spp",NA,NA
"525","Psenopsis","anomala",497,513
"526","Anchoa","nasus",1163,1179
"527","Rutilus","rutilus",272,286
"528","Lithodes","aequispina",NA,NA
"529","Mercenaria","mercenaria",NA,NA
"530","Acanthopagrus","bifasciatus",4543,4728
"531","Triportheus","angulatus",12976,13298
"532","Glycymeris","glycymeris",NA,NA
"533","Valamugil","seheli",5659,5951
"534","Pagrus","spp",NA,NA
"535","Centropomus","undecimalis",345,359
"536","Galeorhinus","galeus",4642,4830
"537","Chitala","lopis",8765,9087
"538","Tetrapturus","audax",223,237
"539","Jasus","novaehollandiae",NA,NA
"540","Mugil","soiuy",13000,13321
"541","Lethrinus","lentjan",1863,2059
"542","Rapana","spp",NA,NA
"543","Illex","coindetii",NA,NA
"544","Chelidonichthys","kumu",507,523
"545","Platycephalidae","spp",NA,NA
"546","Coregonus","lavaretus",232,246
"547","Cynoscion","jamaicensis",1171,1187
"548","Pollachius","pollachius",34,44
"549","Rachycentron","canadum",3542,3738
"550","Ictalurus","spp",NA,NA
"551","Littorina","spp",NA,NA
"552","Aspitrigla","cuculus",44,54
"553","Argyrops","spinifer",442,456
"554","Aphanopus","carbo",646,662
"555","Scatophagus","spp",NA,NA
"556","Platax","spp",NA,NA
"557","Aristeidae","spp",NA,NA
"558","Beryx","spp",NA,NA
"559","Turbo","cornutus",NA,NA
"560","Lota","lota",310,324
"561","Chirocentrus","dorab",6358,6671
"562","Raja","naevus",4326,4514
"563","Thyrsites","atun",489,505
"564","Cynoglossidae","spp",NA,NA
"565","Gasterosteus","aculeatus",2420,2615
"566","Mesodesma","donacium",NA,NA
"567","Makaira","indica",217,231
"568","Lophius","gastrophysus",1078,1094
"569","Ictalurus","furcatus",3019,3215
"570","Seriolella","porosa",8390,8704
"571","Hypomesus","olidus",254,268
"572","Eleginops","maclovinus",466,480
"573","Alosa","spp",NA,NA
"574","Portunus","spp",NA,NA
"575","Merluccius","polli",327,341
"576","Hepsetus","odoe",4530,4714
"577","Platichthys","flesus",1341,1359
"578","Menippe","mercenaria",NA,NA
"579","Pseudotolithus","senegalensis",432,446
"580","Merluccius","spp",NA,NA
"581","Echinodermata","spp",NA,NA
"582","Phycis","blennoides",1340,1358
"583","Eleotridae","spp",NA,NA
"584","Trichiuridae","spp",NA,NA
"585","Pogonias","cromis",425,439
"586","Diplodus","spp",NA,NA
"587","Platycephalus","indicus",950,966
"588","Parapercis","colias",464,478
"589","Callorhinchus","callorynchus",8399,8713
"590","Invertebrata","spp",NA,NA
"591","Lethrinus","nebulosus",1846,2042
"592","Penaeus","kerathurus",NA,NA
"593","Cheilodactylus","bergi",460,474
"594","Callinectes","danae",NA,NA
"595","Scomberomorus","lineolatus",125,139
"596","Penaeus","latisulcatus",NA,NA
"597","Stichopus","japonicus",NA,NA
"598","Concholepas","concholepas",NA,NA
"599","Lepidorhynchus","denticulatus",8483,8797
"600","Centroscyllium","fabricii",656,672
"601","Mytilus","coruscus",NA,NA
"602","Trachinotus","spp",NA,NA
"603","Alosa","pseudoharengus",1583,1776
"604","Microstomus","kitt",1382,1401
"605","Piaractus","brachypomus",5808,6104
"606","Chrysichthys","spp",NA,NA
"607","Caulolatilus","princeps",3539,3735
"608","Hydrolagus","novaezealandiae",13146,13472
"609","Abramis","spp",NA,NA
"610","Salmonoidei","spp",NA,NA
"611","Pecten","jacobaeus",NA,NA
"612","Ruditapes","decussatus",NA,NA
"613","Squillidae","spp",NA,NA
"614","Dentex","angolensis",440,454
"615","Pomadasys","argenteus",399,413
"616","Leiognathus","spp",NA,NA
"617","Lutjanus","johnii",264,278
"618","Menticirrhus","spp",NA,NA
"619","Osphronemus","goramy",498,514
"620","Leiostomus","xanthurus",429,443
"621","Macrourus","berglax",331,345
"622","Lutjanus","synagris",181,195
"623","Pennahia","argentata",434,448
"624","Zeus","faber",1370,1388
"625","Scaridae","spp",NA,NA
"626","Pagellus","erythrinus",893,909
"627","Alosa","fallax",5355,1772
"628","Scolopsis","spp",NA,NA
"629","Ambassidae","spp",NA,NA
"630","Myxinidae","spp",NA,NA
"631","Osteoglossum","bicirrhosum",6234,6547
"632","Mulinia","spp",NA,NA
"633","Atule","mate",1893,2089
"634","Zearaja","nasuta",13144,13470
"635","Plotosus","spp",NA,NA
"636","Sardinella","zunasi",1519,1712
"637","Chelidonichthys","lucerna",1366,1384
"638","Tivela","mactroides",NA,NA
"639","Nemipteridae","spp",NA,NA
"640","Eutrigla","gurnardus",68,78
"641","Caranx","crysos",1933,2129
"642","Ictalurus","punctatus",290,304
"643","Penaeus","japonicus",NA,NA
"644","Patinopecten","caurinus",NA,NA
"645","Argyrosomus","regius",418,432
"646","Stephanolepis","cirrhifer",531,547
"647","Pomadasys","jubelini",4708,4932
"648","Mycteroperca","spp",NA,NA
"649","Arca","spp",NA,NA
"650","Trachurus","lathami",369,383
"651","Echinus","esculentus",NA,NA
"652","Dentex","spp",NA,NA
"653","Hypophthalmichthys","nobilis",275,289
"654","Megalops","cyprinoides",227,241
"655","Psetta","maxima",1348,1366
"656","Ictiobus","spp",NA,NA
"657","Pseudopercis","semifasciata",50136,41931
"658","Osmerus","eperlanus",1334,1352
"659","Oreochromis","aureus",1387,1423
"660","Polyprion","oxygeneios",350,364
"661","Helicolenus","dactylopterus",76,85
"662","Lateolabrax","japonicus",4589,4775
"663","Decapterus","russelli",374,388
"664","Morone","americana",355,369
"665","Chaceon","notialis",NA,NA
"666","Raja","radiata",2565,2761
"667","Nemipterus","virgatus",396,410
"668","Callorhinchus","milii",4722,4944
"669","Mustelus","lenticulatus",5933,6242
"670","Oncorhynchus","mykiss",239,253
"671","Pagellus","spp",NA,NA
"672","Arapaima","gigas",2076,2272
"673","Labeo","spp",NA,NA
"674","Pagrus","auratus",6426,6747
"675","Epinephelus","aeneus",426,440
"676","Rhabdosargus","haffara",8166,8477
"677","Paralonchurus","peruanus",424,438
"678","Umbrina","canariensis",4548,4733
"679","Chione","stutchburyi",NA,NA
"680","Venerupis","pullastra",NA,NA
"681","Epinephelus","tauvina",4461,4659
"682","Salmo","salar",236,250
"683","Drepane","africana",455,469
"684","Pelecus","cultratus",283,297
"685","Pteroscion","peli",423,437
"686","Panulirus","longipes",NA,NA
"687","Carangoides","bajad",1923,2119
"688","Hemiramphus","brasiliensis",1059,1075
"689","Seriolina","nigrofasciata",1962,2158
"690","Chamelea","gallina",NA,NA
"691","Carassius","auratus",271,285
"692","Aristeus","antennatus",NA,NA
"693","Arius","thalassinus",10220,10543
"694","Rhinobatidae","spp",NA,NA
"695","Brotula","barbata",486,500
"696","Paralithodes","brevipes",NA,NA
"697","Mustelus","mustelus",4996,5231
"698","Astyanax","fasciatus",8080,8391
"699","Corbicula","japonica",NA,NA
"700","Priacanthus","macracanthus",356,370
"701","Metapenaeus","joyneri",NA,NA
"702","Paralabrax","humeralis",352,366
"703","Centrophorus","granulosus",648,664
"704","Scophthalmus","rhombus",529,545
"705","Seriolella","caerulea",12919,13252
"706","Lamna","nasus",88,103
"707","Epinephelus","multinotatus",7354,7654
"708","Raja","montagui",4329,4517
"709","Penaeus","californiensis",NA,NA
"710","Euthynnus","lineatus",98,112
"711","Semele","solida",NA,NA
"712","Auxis","thazard",94,108
"713","Emmelichthys","nitidus",395,409
"714","Dorosoma","cepedianum",1604,1797
"715","Metapenaeus","endeavouri",NA,NA
"716","Diapterus","auratus",3563,3759
"717","Elops","lacerta",4959,5192
"718","Mullus","barbatus",790,806
"719","Gempylidae","spp",NA,NA
"720","Haliotis","spp",NA,NA
"721","Trisopterus","minutus",481,495
"722","Cynoscion","leiarchus",1173,1189
"723","Mya","arenaria",NA,NA
"724","Diplodus","sargus",1753,1949
"725","Harengula","spp",NA,NA
"726","Raja","clavata",2059,2254
"727","Branchiostegidae","spp",NA,NA
"728","Dicentrarchus","spp",NA,NA
"729","Sphyrnidae","spp",NA,NA
"730","Mora","moro",1734,1930
"731","Plagiogeneion","rubiginosum",12288,12614
"732","Atherina","boyeri",1696,1892
"733","Selene","dorsalis",379,393
"734","Penaeus","aztecus",NA,NA
"735","Pagellus","acarne",889,905
"736","Limulus","polyphemus",NA,NA
"737","Oreosomatidae","spp",NA,NA
"738","Anguilla","spp",NA,NA
"739","Brevoortia","aurea",1587,1780
"740","Lithognathus","spp",NA,NA
"741","Odontesthes","regia",8172,8483
"742","Pseudupeneus","prayensis",453,467
"743","Genypterus","chilensis",483,497
"744","Dentex","macrophthalmus",438,452
"745","Selachimorpha","spp",NA,NA
"746","Nematopalaemon","schmitti",NA,NA
"747","Gymnosarda","unicolor",106,120
"748","Eleutheronema","tetradactylum",340,354
"749","Thenus","orientalis",NA,NA
"750","Micropterus","salmoides",3385,3581
"751","Ostrea","edulis",NA,NA
"752","Meretrix","lusoria",NA,NA
"753","Anarhichas","spp",NA,NA
"754","Phycis","phycis",1747,1943
"755","Peprilus","paru",28143,38715
"756","Cynoscion","virescens",1178,1194
"757","Trachinus","spp",NA,NA
"758","Mustelus","canis",2539,2735
"759","Xiphopenaeus","riveti",NA,NA
"760","Callorhinchus","capensis",167,181
"761","Lampris","guttatus",1072,1088
"762","Drepane","punctata",454,468
"763","Scomberomorus","tritor",141,155
"764","Trachinus","draco",1363,1381
"765","Pagellus","bogaraveo",890,906
"766","Dicologlossa","cuneata",526,542
"767","Polyprion","americanus",349,363
"768","Solen","spp",NA,NA
"769","Lethrinus","borbonicus",1844,2040
"770","Parona","signata",386,400
"771","Barbonymus","schwanenfeldii",4765,4989
"772","Scophthalmidae","spp",NA,NA
"773","Cancer","productus",NA,NA
"774","Centrolophidae","spp",NA,NA
"775","Gnathanodon","speciosus",4464,4664
"776","Lutjanus","malabaricus",162,176
"777","Loligo","forbesi",NA,NA
"778","Stomatopoda","spp",NA,NA
"779","Todarodes","sagittatus",NA,NA
"780","Archosargus","probatocephalus",441,455
"781","Lithognathus","mormyrus",706,722
"782","Thunnus","atlanticus",144,158
"783","Murex","spp",NA,NA
"784","Ophidiidae","spp",NA,NA
"785","Lichia","amia",692,708
"786","Salmo","trutta",238,252
"787","Spisula","spp",NA,NA
"788","Urophycis","chuss",312,326
"789","Hydrolagus","spp",NA,NA
"790","Penaeus","occidentalis",NA,NA
"791","Megalops","atlanticus",1079,1095
"792","Parika","scaber",13139,13465
"793","Dipturus","innominatus",13145,13471
"794","Squalidae","Scyliorhinidae",NA,NA
"795","Sarda","orientalis",114,128
"796","Spisula","solida",NA,NA
"797","Scolopsis","taeniatus",5889,6198
"798","Pseudocardium","sybillae",NA,NA
"799","Choromytilus","chorus",NA,NA
"800","Coregonus","artedi",235,249
"801","Aplodinotus","grunniens",3577,3773
"802","Trachinotus","mookalee",1964,2160
"803","Saxidomus","giganteus",NA,NA
"804","Kyphosidae","spp",NA,NA
"805","Metapenaeus","monoceros",NA,NA
"806","Ruditapes","spp",NA,NA
"807","Anguilla","rostrata",296,310
"808","Carcinus","maenas",NA,NA
"809","Sardinella","maderensis",1047,1063
"810","Pandalus","hypsinotus",NA,NA
"811","Argyrosomus","hololepidotus",419,433
"812","Lutjanus","bohar",1417,1468
"813","Chaceon","maritae",NA,NA
"814","Epinephelus","areolatus",5367,5622
"815","Penaeus","brevirostris",NA,NA
"816","Dicentrarchus","punctatus",394,408
"817","Salangichthys","microdon",12238,12564
"818","Acanthocybium","solandri",89,104
"819","Austroglossus","microlepis",527,543
"820","Chelidonichthys","capensis",5504,5793
"821","Citharidae","spp",NA,NA
"822","Astronotus","spp",NA,NA
"823","Galatheidae","spp",NA,NA
"824","Argyrozona","argyrozona",443,457
"825","Lethrinus","mahsena",1843,2039
"826","Austroglossus","pectoralis",528,544
"827","Variola","louti",5354,5593
"828","Carangoides","malabaricus",4443,4641
"829","Pentanemus","quinquarius",342,356
"830","Scomberomorus","brasiliensis",119,133
"831","Alosa","pontica",105,119
"832","Atrobucca","nibe",941,957
"833","Plectropomus","areolatus",6082,6396
"834","Mytilus","chilensis",NA,NA
"835","Notopterus","spp",NA,NA
"836","Diplodus","vulgaris",1754,1950
"837","Epinephelus","marginatus",6470,6792
"838","Salvelinus","namaycush",248,262
"839","Hyporhamphus","sajori",305,319
"840","Anarhichas","denticulatus",3810,4006
"841","Epinephelus","polylepis",7358,7658
"842","Gerres","oyena",5996,6306
"843","Rhombosolea","spp",NA,NA
"844","Holocentridae","spp",NA,NA
"845","Acanthopagrus","schlegeli",6531,6852
"846","Dalatias","licha",669,685
"847","Centrophorus","squamosus",653,669
"848","Phycis","spp",NA,NA
"849","Cottidae","spp",NA,NA
"850","Osmerus","mordax",253,5683
"851","Macroramphosus","scolopax",333,347
"852","Spicara","maena",4887,5119
"853","Alburnus","alburnus",4730,4954
"854","Pleoticus","robustus",NA,NA
"855","Seriola","lalandi",382,396
"856","Notothenia","squamifrons",7045,7385
"857","Chloroscombrus","orqueta",1937,2133
"858","Cyttus","traversi",10676,10999
"859","Girella","tricuspidata",8173,8486
"860","Zenopsis","nebulosus",3255,3451
"861","Plectropomus","pessuliferus",7430,7743
"862","Konosirus","punctatus",1609,1802
"863","Microchirus","spp",NA,NA
"864","Alopias","spp",NA,NA
"865","Polychaeta","spp",NA,NA
"866","Centroscymnus","coelolepis",662,678
"867","Jasus","tristani",NA,NA
"868","Homalaspis","plana",NA,NA
"869","Amphichthys","cryptocentrus",967,983
"870","Scyliorhinus","spp",NA,NA
"871","Menidia","menidia",339,353
"872","Genypterus","maculatus",484,498
"873","Lycodes","spp",NA,NA
"874","Lethrinus","obsoletus",1847,2043
"875","Centroberyx","affinis",14129,14033
"876","Sphyrna","zygaena",917,933
"877","Mullus","argentinae",14063,13988
"878","Dasyatidae","spp",NA,NA
"879","Palinuridae","spp",NA,NA
"880","Lutjanus","quinquelineatus",172,186
"881","Scyliorhinus","stellaris",854,870
"882","Atheresthes","evermanni",518,534
"883","Palinurus","spp",NA,NA
"884","Paphies","australis",NA,NA
"885","Anadara","spp",NA,NA
"886","Monopterus","albus",4663,4880
"887","Genypterus","spp",NA,NA
"888","Acanthopagrus","latus",6356,6669
"889","Chaceon","fenneri",NA,NA
"890","Pelotretis","flavilatus",8848,9169
"891","Pseudotolithus","elongatus",433,447
"892","Balistes","carolinensis",7327,7628
"893","Cephalopholis","hemistiktos",6447,6769
"894","Scomberoides","tol",1953,2149
"895","Carcharhinus","longimanus",875,891
"896","Arripis","georgianus",392,406
"897","Necora","puber",NA,NA
"898","Calamus","spp",NA,NA
"899","Sardinops","neopilchardus",1477,1670
"900","Lepisosteidae","spp",NA,NA
"901","Ephippidae","spp",NA,NA
"902","Penaeus","vannamei",NA,NA
"903","Atractoscion","nobilis",3578,3774
"904","Cardiidae","spp",NA,NA
"905","Pristiophorus","spp",NA,NA
"906","Cheilodactylus","variegatus",461,475
"907","Pandalus","montagui",NA,NA
"908","Palaemon","serratus",NA,NA
"909","Alectis","alexandrinus",1888,2084
"910","Sparisoma","cretense",13025,13347
"911","Joturus","pichardi",338,352
"912","Austroglossus","spp",NA,NA
"913","Larimus","breviceps",1180,1196
"914","Cephalopholis","miniata",6450,6772
"915","Eleginus","navaga",314,328
"916","Platydoras","costatus",12107,12433
"917","Lutjanus","gibbus",265,279
"918","Plectorhinchus","gaterinus",7703,8012
"919","Ginglymostoma","cirratum",2532,2728
"920","Naso","unicornis",1265,1282
"921","Artemesia","longinaris",NA,NA
"922","Orcynopsis","unicolor",108,122
"923","Palinurus","elephas",NA,NA
"924","Aphareus","rutilans",83,98
"925","Engraulis","mordax",1664,1857
"926","Thelenota","ananas",NA,NA
"927","Menticirrhus","littoralis",411,425
"928","Paralichthys","californicus",4228,4424
"929","Alosa","sapidissima",1584,1777
"930","Salmo","spp",NA,NA
"931","Alepes","djedaba",1889,2085
"932","Holothuria","fuscogilva",NA,NA
"933","Solea","lascaris",1336,1354
"934","Bramidae","spp",NA,NA
"935","Haliporoides","triarthrus",NA,NA
"936","Austromegabalanus","psittacus",NA,NA
"937","Sardinops","ocellatus",1477,1670
"938","Carangoides","fulvoguttatus",1926,2122
"939","Cynoscion","nebulosus",405,419
"940","Beryx","splendens",1320,1338
"941","Cetorhinus","maximus",90,2286
"942","Zidona","dufresnei",NA,NA
"943","Morone","chrysops",3308,3504
"944","Raja","fullonica",7619,7923
"945","Gaidropsarus","spp",NA,NA
"946","Clinocardium","nuttallii",NA,NA
"947","Pleuronectes","vetulus",4248,4444
"948","Catostomidae","spp",NA,NA
"949","Chimaera","monstrosa",2503,2697
"950","Sparidentex","hasta",4499,4697
"951","Bolbometopon","muricatum",5537,5827
"952","Mytilus","galloprovincialis",NA,NA
"953","Allothunnus","fallai",91,105
"954","Gadus","ogac",309,323
"955","Dentex","congoensis",4641,4829
"956","Albula","vulpes",228,242
"957","Muraenidae","spp",NA,NA
"958","Sphyraena","sphyraena",1765,1961
"959","Squatinidae","spp",NA,NA
"960","Siliqua","patula",NA,NA
"961","Conodon","nobilis",401,415
"962","Sphyraena","obtusata",4493,4691
"963","Scarus","persicus",14383,14194
"964","Amia","calva",2600,2796
"965","Caspialosa","spp",NA,NA
"966","Caranx","sexfasciatus",1917,2113
"967","Labrus","bergylta",572,588
"968","Elops","saurus",175,189
"969","Scyllaridae","spp",NA,NA
"970","Metanephrops","mozambicus",NA,NA
"971","Chrysoblephus","spp",NA,NA
"972","Lethrinus","microdon",1845,2041
"973","Bothidae","spp",NA,NA
"974","Pseudopentaceros","richardsoni",3611,3807
"975","Macrourus","spp",NA,NA
"976","Caranx","hippos",71,267
"977","Neocyttus","rhomboidalis",9146,9467
"978","Rhynchobatus","djiddensis",5503,5792
"979","Deania","calcea",670,686
"980","Leuciscus","leuciscus",4662,4879
"981","Eledone","cirrhosa",NA,NA
"982","Jasus","verreauxi",NA,NA
"983","Acipenseridae","spp",NA,NA
"984","Raja","batis",2058,2253
"985","Blicca","bjoerkna",4471,4669
"986","Epinephelus","striatus",18,26
"987","Epinephelus","flavolimbatus",1205,1221
"988","Crassostrea","iredalei",NA,NA
"989","Tautoga","onitis",458,472
"990","Tylosurus","crocodilus",977,993
"991","Mulloidichthys","flavolineatus",5983,6292
"992","Pecten","novaezelandiae",NA,NA
"993","Epinephelus","guttatus",15,21
"994","Pterygotrigla","picta",14327,14163
"995","Acipenser","transmontanus",2594,2790
"996","Ostrea","lutaria",NA,NA
"997","Etelis","oculatus",1391,1409
"998","Jasus","frontalis",NA,NA
"999","Thymallus","thymallus",4605,4792
"1000","Palaemonidae","spp",NA,NA
"1001","Liza","klunzingeri",46376,39073
"1002","Lampetra","fluviatilis",4480,4678
"1003","Gymnocranius","spp",NA,NA
"1004","Rhabdosargus","globiceps",449,463
"1005","Chimaeriformes","spp",NA,NA
"1006","Galeus","melastomus",807,823
"1007","Trachinotus","carolinus",380,394
"1008","Pterygotrigla","polyommata",508,524
"1009","Cephaloscyllium","isabellum",797,813
"1010","Pontinus","kuhlii",5007,5241
"1011","Spratelloides","gracilis",1458,1651
"1012","Plectorhinchus","schotaf",7706,8015
"1013","Artemia","salina",NA,NA
"1014","Sicyonia","ingentis",NA,NA
"1015","Citharichthys","sordidus",4215,4411
"1016","Mustelus","henlei",2540,2736
"1017","Isopisthus","parvipinnis",1179,1195
"1018","Ensis","directus",NA,NA
"1019","Rhinobatos","planiceps",149,163
"1020","Lepidocybium","flavobrunneum",1042,1058
"1021","Thaleichthys","pacificus",256,270
"1022","Scarus","ghobban",5548,5838
"1023","Chaceon","spp",NA,NA
"1024","Macrozoarces","americanus",480,494
"1025","Pandalus","jordani",NA,NA
"1026","Scyllarides","latus",NA,NA
"1027","Ostreola","conchaphila",NA,NA
"1028","Bothus","pantherinus",1321,1339
"1029","Channa","argus",4799,5028
"1030","Epigonus","spp",NA,NA
"1031","Zenopsis","conchifer",336,350
"1032","Lutjanus","argentiventris",1408,1457
"1033","Panulirus","homarus",NA,NA
"1034","Carcharhinus","plumbeus",880,896
"1035","Paracentrotus","lividus",NA,NA
"1036","Vimba","vimba",6375,6694
"1037","Anguilla","japonica",295,309
"1038","Alopias","vulpinus",2535,2731
"1039","Pellona","flavipinnis",1642,1835
"1040","Sphyraena","jello",4827,5056
"1041","Plesiopenaeus","edwardsianus",NA,NA
"1042","Ophichthidae","spp",NA,NA
"1043","Littorina","littorea",NA,NA
"1044","Psettichthys","melanostictus",4255,4451
"1045","Callista","chione",NA,NA
"1046","Sarotherodon","galilaeus",1389,4635
"1047","Epinephelus","chlorostigma",5524,5813
"1048","Gerres","oblongus",5801,6096
"1049","Salvelinus","alpinus",247,261
"1050","Isurus","spp",NA,NA
"1051","Chelidonichthys","lastoviza",5081,5317
"1052","Solea","senegalensis",8852,9173
"1053","Torpedo","spp",NA,NA
"1054","Diplodus","argenteus",3574,3770
"1055","Mytilus","platensis",NA,NA
"1056","Monotaxis","grandoculis",1869,2065
"1057","Lutjanus","vivanus",185,199
"1058","Cephalopholis","argus",6396,6717
"1059","Anadara","ovalis",NA,NA
"1060","Penaeus","penicillatus",NA,NA
"1061","Sargocentron","spiniferum",6507,6828
"1062","Batrachoididae","spp",NA,NA
"1063","Sillago","sihama",4544,4729
"1064","Lepidoperca","pulchella",14354,14179
"1065","Myliobatidae","spp",NA,NA
"1066","Acanthurus","sohal",4740,4964
"1067","Diplodus","annularis",1752,1948
"1068","Epinephelus","fuscoguttatus",4460,4658
"1069","Petromyzon","marinus",2530,2726
"1070","Aristaeomorpha","foliacea",NA,NA
"1071","Acanthopagrus","berda",5526,5815
"1072","Acipenser","gueldenstaedtii",4712,4933
"1073","Prolatilus","jugularis",12917,13250
"1074","Grammoplites","suppositus",28128,38703
"1075","Raja","microocellata",5492,5768
"1076","Lycengraulis","grossidens",552,568
"1077","Trachurus","trecae",371,385
"1078","Acanthobrama","terraesanctae",4518,5826
"1079","Raja","circularis",7614,7918
"1080","Uranoscopus","scaber",1779,1975
"1081","Alosa","mediocris",1582,1775
"1082","Centriscops","humerosus",14242,14103
"1083","Pomacanthus","maculosus",7903,8214
"1084","Lethrinus","harak",1851,2047
"1085","Aprion","virescens",84,99
"1086","Haliporoides","diomedeae",NA,NA
"1087","Atractoscion","aequidens",420,434
"1088","Etmopterus","spp",NA,NA
"1089","Petromyzontidae","spp",NA,NA
"1090","Caranx","melampygus",1906,2102
"1091","Aethaloperca","rogaa",6441,6763
"1092","Anguilla","australis",297,311
"1093","Epinephelus","summana",7366,7666
"1094","Conger","orbignyanus",299,313
"1095","Diagramma","pictum",4465,4662
"1096","Lethrinus","xanthochilus",1852,2048
"1097","Haliotis","tuberculata",NA,NA
"1098","Himantura","gerrardi",15483,14733
"1099","Metanephrops","spp",NA,NA
"1100","Cheimerius","nufar",444,458
"1101","Zoarces","viviparus",479,493
"1102","Protothaca","staminea",NA,NA
"1103","Scorpaena","scrofa",1759,1955
"1104","Solenocera","agassizii",NA,NA
"1105","Semicossyphus","pulcher",3671,3867
"1106","Sphoeroides","maculatus",1181,1197
"1107","Antimora","rostrata",2005,2201
"1108","Trachurus","symmetricus",368,382
"1109","Trachinotus","blochii",1963,2159
"1110","Cynoscion","arenarius",1170,1186
"1111","Erimacrus","isenbeckii",NA,NA
"1112","Perna","viridis",NA,NA
"1113","Pristidae","spp",NA,NA
"1114","Epinephelus","nigritus",1207,1223
"1115","Alosa","alosa",101,115
"1116","Trachurus","declivis",372,386
"1117","Channichthys","rhinoceratus",477,491
"1118","Gymnocephalus","cernuus",4474,4672
"1119","Epinephelus","morrhua",5353,5592
"1120","Myliobatis","aquila",4330,4518
"1121","Umbrina","cirrosa",1306,1324
"1122","Callianassa","spp",NA,NA
"1123","Ostrea","chilensis",NA,NA
"1124","Salvelinus","spp",NA,NA
"1125","Carcinus","aestuarii",NA,NA
"1126","Squalus","spp",NA,NA
"1127","Cepola","macrophthalma",56,66
"1128","Squatina","californica",729,745
"1129","Conger","oceanicus",300,314
"1130","Palinurus","delagoae",NA,NA
"1131","Lophius","budegassa",5094,5329
"1132","Alopias","superciliosus",2534,2730
"1133","Benthodesmus","spp",NA,NA
"1134","Rhinobatos","percellens",140,154
"1135","Oxynotus","centrina",718,734
"1136","Microgadus","tomcod",316,330
"1137","Sphyrna","lewini",912,928
"1138","Lobotes","surinamensis",1077,1093
"1139","Lutjanus","griseus",266,280
"1140","Caranx","ruber",1918,2114
"1141","Plagioscion","squamosissimus",4310,4505
"1142","Macrourus","whitsoni",7139,7321
"1143","Menticirrhus","saxatilis",410,424
"1144","Pandalus","kessleri",NA,NA
"1145","Lutjanus","kasmira",156,170
"1146","Somniosus","microcephalus",138,152
"1147","Tresus","spp",NA,NA
"1148","Pandalus","goniurus",NA,NA
"1149","Ostraciidae","spp",NA,NA
"1150","Crangonidae","spp",NA,NA
"1151","Tetrapturus","angustirostris",3915,4111
"1152","Tetrapturus","pfluegeri",220,234
"1153","Lutjanus","analis",1403,1453
"1154","Sander","canadensis",3515,3711
"1155","Crassostrea","rhizophorae",NA,NA
"1156","Peprilus","spp",NA,NA
"1157","Zeidae","spp",NA,NA
"1158","Mycteroperca","phenax",1213,1229
"1159","Hemisorubim","platyrhynchos",13261,13562
"1160","Holothuria","nobilis",NA,NA
"1161","Ameiurus","nebulosus",3022,3218
"1162","Notorynchus","cepedianus",2531,2727
"1163","Champsocephalus","gunnari",474,488
"1164","Chaceon","affinis",NA,NA
"1165","Herklotsichthys","quadrimaculat",NA,NA
"1166","Leuciscus","spp",NA,NA
"1167","Trachichthyidae","spp",NA,NA
"1168","Loligo","vulgaris",NA,NA
"1169","Campogramma","glaycos",1894,2090
"1170","Carcharhinus","brachyurus",864,880
"1171","Cichla","ocellaris",457,471
"1172","Tragulichthys","jaculiferus",11223,11548
"1173","Mycteroperca","xenarcha",3334,3530
"1174","Penaeus","setiferus",NA,NA
"1175","Raja","oxyrinchus",7616,7920
"1176","Pleuronectidae","spp",NA,NA
"1177","Scardinius","erythrophthalmus",2951,3147
"1178","Merluccius","angustimanus",1827,2023
"1179","Gymnura","altavela",2577,2773
"1180","Epinephelus","analogus",348,362
"1181","Boreogadus","saida",319,333
"1182","Paristiopterus","labiosus",12354,12683
"1183","Chondrostoma","nasus",4878,5108
"1184","Asteroidea","spp",NA,NA
"1185","Brycon","orbignyanus",48557,40798
"1186","Salvelinus","fontinalis",246,260
"1187","Mustelus","asterias",5938,6247
"1188","Liza","saliens",1736,1932
"1189","Pomadasys","incisus",5003,5238
"1190","Oncorhynchus","masou",242,256
"1191","Mithrax","armatus",NA,NA
"1192","Sciaena","umbra",1707,1903
"1193","Aristeus","varidens",NA,NA
"1194","Mylopharyngodon","piceus",4602,4789
"1195","Gasterochisma","melampus",100,114
"1196","Ablennes","hians",972,988
"1197","Tautogolabrus","adspersus",3672,3868
"1198","Muraenolepis","spp",NA,NA
"1199","Epinephelus","mystacinus",1206,1222
"1200","Cymatoceps","nasutus",5531,5820
"1201","Mugil","liza",1090,1106
"1202","Genyonemus","lineatus",422,436
"1203","Palaemon","longirostris",NA,NA
"1204","Palinurus","mauritanicus",NA,NA
"1205","Channichthyidae","spp",NA,NA
"1206","Chalcalburnus","chalcoides",5473,5749
"1207","Merluccius","senegalensis",321,335
"1208","Trachipterus","spp",NA,NA
"1209","Sclerocrangon","spp",NA,NA
"1210","Cichlasoma","managuense",4684,4902
"1211","Raja","georgiana",6953,7285
"1212","Trachipterus","arcticus",3265,3461
"1213","Promethichthys","prometheus",5008,5242
"1214","Sciaenops","ocellatus",1191,1207
"1215","Etmopterus","spinax",687,703
"1216","Hyperoglyphe","bythites",3920,4116
"1217","Stereolepis","gigas",3310,3506
"1218","Caulolatilus","microps",987,1003
"1219","Solenidae","spp",NA,NA
"1220","Haemulon","spp",NA,NA
"1221","Apogonidae","spp",NA,NA
"1222","Zygochlamys","delicatula",NA,NA
"1223","Patinopecten","yessoensis",NA,NA
"1224","Plectorhinchus","pictus",8315,8629
"1225","Dasyatis","spp",NA,NA
"1226","Merluccius","albidus",1080,1096
"1227","Leuciscus","cephalus",4482,4680
"1228","Pomacanthidae","spp",NA,NA
"1229","Epinephelus","caninus",9217,9540
"1230","Megalobrama","amblycephala",285,299
"1231","Hexanchus","griseus",637,653
"1232","Pseudotolithus","senegallus",5009,5243
"1233","Epinephelus","fasciatus",5348,5587
"1234","Upogebia","pugettensis",NA,NA
"1235","Gobius","niger",72,81
"1236","Squatina","squatina",736,752
"1237","Hucho","hucho",4664,4881
"1238","Acetes","japonicus",NA,NA
"1239","Zacco","platypus",7762,8072
"1240","Scapharca","subcrenata",NA,NA
"1241","Cypselurus","agoo",10307,10630
"1242","Misgurnus","anguillicaudatus",3016,3212
"1243","Dasyatis","akajei",940,956
"1244","Caranx","rhonchus",1899,2095
"1245","Scomberomorus","regalis",134,148
"1246","Lophius","vomerinus",10256,10579
"1247","Etrumeus","whiteheadi",1456,1649
"1248","Nototodarus","sloanii",NA,NA
"1249","Argopecten","gibbus",NA,NA
"1250","Brevoortia","pectinata",1590,1783
"1251","Penaeus","paulensis",NA,NA
"1252","Mytilus","planulatus",NA,NA
"1253","Lates","spp",NA,NA
"1254","Hypomesus","pretiosus",255,269
"1255","Epinephelus","goreensis",4961,5194
"1256","Monacanthidae","spp",NA,NA
"1257","Ariomma","indica",1300,1318
"1258","Pleuroncodes","planipes",NA,NA
"1259","Coregonus","oxyrinchus",233,247
"1260","Lepas","spp",NA,NA
"1261","Notothenia","rossii",468,482
"1262","Notothenia","gibberifrons",7041,7380
"1263","Jasus","paulensis",NA,NA
"1264","Sardinella","brasiliensis",1505,1698
"1265","Chlamys","islandica",NA,NA
"1266","Glossanodon","semifasciatus",257,271
"1267","Pleuronectes","quadrituberculat",NA,NA
"1268","Plecoglossus","altivelis",251,265
"1269","Ommastrephes","bartrami",NA,NA
"1270","Pterogymnus","laniarius",448,462
"1271","Saurida","undosquamis",1055,1071
"1272","Pseudophycis","bachus",2020,2216
"1273","Pseudopentaceros","wheeleri",12364,12693
"1274","Larimichthys","polyactis",416,430
"1275","Nibea","mitsukurii",427,441
"1276","Hypoptychus","dybowskii",488,504
"1277","Totoaba","macdonaldi",6317,6630
"1278","Reptantia","spp",NA,NA
"1279","Asterias","rubens",NA,NA
"1280","Modiolus","spp",NA,NA
"1281","Chaenocephalus","aceratus",473,487
"1282","Cetengraulis","edentulus",547,563
"1283","Pseudochaenichthys","georgianus",475,489
"1284","Centroscymnus","crepidater",663,679
"1285","Pandalopsis","japonica",NA,NA
"1286","Chionoecetes","japonicus",NA,NA
"1287","Lithognathus","lithognathus",450,464
"1288","Pollicipes","pollicipes",NA,NA
"1289","Micropogonias","furnieri",7620,7924
"1290","Dussumieria","elopsoides",1454,1647
"1291","Todarodes","pacificus",NA,NA
"1292","Cirrhinus","molitorella",49051,41201
"1293","Martialia","hyadesi",NA,NA
"1294","Penaeus","merguiensis",NA,NA
"1295","Emmelichthyidae","spp",NA,NA
"1296","Hypomesus","nipponensis",2695,2891
"1297","Pleuragramma","antarcticum",472,486
"1298","Myctophidae","spp",NA,NA
"1299","Patagonotothen","brevicauda",7052,7412
"1300","Haliotis","gigantea",NA,NA
"1301","Nematopalaemon","hastatus",NA,NA
"1302","Argopecten","irradians",NA,NA
"1303","Sphoeroides","spp",NA,NA
"1304","Carcharhinus","obscurus",878,894
"1305","Isurus","paucus",753,769
"1306","Polyodon","spathula",174,188
"1307","Penaeus","duorarum",NA,NA
"1308","Peprilus","simillimus",493,509
"1309","Orthopristis","chrysoptera",5,5
"1310","Rastrelliger","spp",NA,NA
"1311","Opisthonema","libertate",1484,1677
"1312","Priacanthus","spp",NA,NA
"1313","Stolephorus","spp",NA,NA
"1314","Loligo","opalescens",NA,NA
"1315","Sardinella","spp",NA,NA
"1316","Ruditapes","spp",NA,NA
"1317","Caranx","spp",NA,NA
"1318","Sebastes","spp",NA,NA
"1319","Trachurus","spp",NA,NA
"1320","Pleoticus","muelleri",NA,NA
"1321","Nemipterus","spp",NA,NA
"1322","Decapterus","spp",NA,NA
"1323","Penaeus","spp",NA,NA
"1324","Hilsa","kelee",1595,1788
"1325","Cancer","magister",NA,NA
"1326","Loligo","spp",NA,NA
"1327","Strombus","spp",NA,NA
"1328","Sergestidae","spp",NA,NA
"1329","Sphyraena","spp",NA,NA
"1330","Cynoscion","striatus",407,421
"1331","Ammodytes","spp",NA,NA
"1332","Strangomera","bentincki",1530,1723
"1333","Cynoscion","spp",NA,NA
"1334","Umbrina","canosai",413,427
"1335","Mullus","spp",NA,NA
"1336","Scomberomorus","spp",NA,NA
"1337","Pandalus","spp",NA,NA
"1338","Chirocentrus","spp",NA,NA
"1339","Haemulidae","spp",NA,NA
"1340","Pellona","ditchela",1641,1834
"1341","Spicara","spp",NA,NA
"1342","Loligo","reynaudi",NA,NA
"1343","Anodontostoma","chacunda",1619,1812
"1344","Tenualosa","toli",1600,1793
"1345","Panulirus","spp",NA,NA
"1346","Leiognathus","spp",NA,NA
"1347","Sicyonia","brevirostris",NA,NA
"1348","Portunus","trituberculatus",NA,NA
"1349","Nephrops","norvegicus",NA,NA
"1350","Petrus","rupestris",447,461
"1351","Trachinotus","spp",NA,NA
"1352","Seriolella","spp",NA,NA
"1353","Paralichthys","oblongus",4229,4425
"1354","Merluccius","capensis",1828,2024
"1355","Engraulis","capensis",64907,54912
"1356","Scomberjaponicus","spp",NA,NA
